==================== 2026-07-14T03:06:56.720148Z | 019f5e97-8731-7a42-a665-2cd681ae0602 ====================
03:06:56.722018 [info ]: dbt-core 2.0.0-alpha.4
03:06:56.724175 [info ]: Started loading project
03:06:56.741988 [info ]: Loading profiles.yml
03:06:56.752857 [info ]: Finished loading project [  0.03s]
03:06:56.753866 [error]: [InvalidConfig (dbt1005)]: Configuration Error: The 'postgres' adapter is not yet supported by dbt Fusion. Supported adapters: snowflake, bigquery, databricks, redshift, duckdb, salesforce. To use an experimental adapter, set the environment variable DBT_ALLOW_EXPERIMENTAL_ADAPTERS=true. Note that experimental adapters may be unstable and are not yet recommended for production use.
03:06:57.362454 [info ]: 
==================== Execution Summary =====================
Finished 'debug' with 1 error [642ms]
==================== 2026-07-14T03:20:14.469579Z | 019f5ea3-b361-75e0-adb6-bcbc769e9067 ====================
03:20:14.473197 [info ]: dbt-core 2.0.0-alpha.4
03:20:14.481287 [info ]: Started loading project
03:20:14.513953 [info ]: Loading profiles.yml
03:20:14.530899 [info ]: Finished loading project [  0.05s]
03:20:14.531216 [error]: [InvalidConfig (dbt1005)]: Configuration Error: The 'postgres' adapter is not yet supported by dbt Fusion. Supported adapters: snowflake, bigquery, databricks, redshift, duckdb, salesforce. To use an experimental adapter, set the environment variable DBT_ALLOW_EXPERIMENTAL_ADAPTERS=true. Note that experimental adapters may be unstable and are not yet recommended for production use.
03:20:15.163961 [info ]: 
==================== Execution Summary =====================
Finished 'debug' with 1 error [694ms]
[0m03:38:12.674084 [debug] [MainThread]: Sending event: {'category': 'dbt', 'action': 'invocation', 'label': 'start', 'context': [<snowplow_tracker.self_describing_json.SelfDescribingJson object at 0x71610f77efc0>, <snowplow_tracker.self_describing_json.SelfDescribingJson object at 0x71610ebc9760>, <snowplow_tracker.self_describing_json.SelfDescribingJson object at 0x71610e89eab0>]}


============================== 03:38:12.748713 | bc138ccf-bbe5-4a54-97a4-b9e0db81a4d6 ==============================
[0m03:38:12.748713 [info ] [MainThread]: Running with dbt=1.8.2
[0m03:38:12.750362 [debug] [MainThread]: running dbt with arguments {'printer_width': '80', 'indirect_selection': 'eager', 'write_json': 'True', 'log_cache_events': 'False', 'partial_parse': 'True', 'cache_selected_only': 'False', 'profiles_dir': '/opt/airflow/dbt', 'version_check': 'True', 'fail_fast': 'False', 'log_path': '/opt/airflow/dbt/logs', 'debug': 'False', 'warn_error': 'None', 'use_colors': 'True', 'use_experimental_parser': 'False', 'no_print': 'None', 'quiet': 'False', 'warn_error_options': 'WarnErrorOptions(include=[], exclude=[])', 'invocation_command': 'dbt debug', 'log_format': 'default', 'static_parser': 'True', 'target_path': 'None', 'introspect': 'True', 'send_anonymous_usage_stats': 'True'}
[0m03:38:12.810020 [info ] [MainThread]: dbt version: 1.8.2
[0m03:38:12.811346 [info ] [MainThread]: python version: 3.12.4
[0m03:38:12.812828 [info ] [MainThread]: python path: /home/airflow/.local/bin/python
[0m03:38:12.814169 [info ] [MainThread]: os info: Linux-6.6.87.2-microsoft-standard-WSL2-x86_64-with-glibc2.36
[0m03:38:12.958636 [info ] [MainThread]: Using profiles dir at /opt/airflow/dbt
[0m03:38:12.960153 [info ] [MainThread]: Using profiles.yml file at /opt/airflow/dbt/profiles.yml
[0m03:38:12.961472 [info ] [MainThread]: Using dbt_project.yml file at /opt/airflow/dbt/dbt_project.yml
[0m03:38:12.963611 [info ] [MainThread]: adapter type: postgres
[0m03:38:12.964848 [info ] [MainThread]: adapter version: 1.8.2
[0m03:38:13.099010 [info ] [MainThread]: Configuration:
[0m03:38:13.101104 [info ] [MainThread]:   profiles.yml file [[32mOK found and valid[0m]
[0m03:38:13.102599 [info ] [MainThread]:   dbt_project.yml file [[32mOK found and valid[0m]
[0m03:38:13.104119 [info ] [MainThread]: Required dependencies:
[0m03:38:13.105461 [debug] [MainThread]: Executing "git --help"
[0m03:38:13.114302 [info ] [MainThread]:  - git [[31mERROR[0m]

[0m03:38:13.115726 [info ] [MainThread]: Connection:
[0m03:38:13.116975 [info ] [MainThread]:   host: postgres
[0m03:38:13.118121 [info ] [MainThread]:   port: 5432
[0m03:38:13.119448 [info ] [MainThread]:   user: airflow_user
[0m03:38:13.122611 [info ] [MainThread]:   database: instacart
[0m03:38:13.124964 [info ] [MainThread]:   schema: dbt_dev
[0m03:38:13.127230 [info ] [MainThread]:   connect_timeout: 10
[0m03:38:13.128691 [info ] [MainThread]:   role: None
[0m03:38:13.130446 [info ] [MainThread]:   search_path: None
[0m03:38:13.131742 [info ] [MainThread]:   keepalives_idle: 0
[0m03:38:13.140623 [info ] [MainThread]:   sslmode: None
[0m03:38:13.142515 [info ] [MainThread]:   sslcert: None
[0m03:38:13.144042 [info ] [MainThread]:   sslkey: None
[0m03:38:13.145709 [info ] [MainThread]:   sslrootcert: None
[0m03:38:13.146927 [info ] [MainThread]:   application_name: dbt
[0m03:38:13.148946 [info ] [MainThread]:   retries: 1
[0m03:38:13.150380 [info ] [MainThread]: Registered adapter: postgres=1.8.2
[0m03:38:13.302820 [debug] [MainThread]: Acquiring new postgres connection 'debug'
[0m03:38:13.395476 [debug] [MainThread]: Using postgres connection "debug"
[0m03:38:13.397206 [debug] [MainThread]: On debug: select 1 as id
[0m03:38:13.398527 [debug] [MainThread]: Opening a new connection, currently in state init
[0m03:38:13.413788 [debug] [MainThread]: SQL status: SELECT 1 in 0.015 seconds
[0m03:38:13.416870 [debug] [MainThread]: On debug: Close
[0m03:38:13.419364 [info ] [MainThread]:   Connection test: [[32mOK connection ok[0m]

[0m03:38:13.421494 [info ] [MainThread]: [31m1 check failed:[0m
[0m03:38:13.424482 [info ] [MainThread]: Error from git --help: User does not have permissions for this command: "git"

[0m03:38:13.428141 [debug] [MainThread]: Resource report: {"command_name": "debug", "command_wall_clock_time": 0.84121585, "process_user_time": 2.36858, "process_kernel_time": 1.499704, "process_mem_max_rss": "111512", "process_in_blocks": "72624", "process_out_blocks": "696", "command_success": false}
[0m03:38:13.430231 [debug] [MainThread]: Command `dbt debug` failed at 03:38:13.430002 after 0.84 seconds
[0m03:38:13.431661 [debug] [MainThread]: Connection 'debug' was properly closed.
[0m03:38:13.433075 [debug] [MainThread]: Sending event: {'category': 'dbt', 'action': 'invocation', 'label': 'end', 'context': [<snowplow_tracker.self_describing_json.SelfDescribingJson object at 0x71610f4214c0>, <snowplow_tracker.self_describing_json.SelfDescribingJson object at 0x71610e8e52e0>, <snowplow_tracker.self_describing_json.SelfDescribingJson object at 0x71610ecada60>]}
[0m03:38:13.434675 [debug] [MainThread]: Flushing usage events
[0m03:43:54.921179 [debug] [MainThread]: Sending event: {'category': 'dbt', 'action': 'invocation', 'label': 'start', 'context': [<snowplow_tracker.self_describing_json.SelfDescribingJson object at 0x723240bd69f0>, <snowplow_tracker.self_describing_json.SelfDescribingJson object at 0x72323e99f800>, <snowplow_tracker.self_describing_json.SelfDescribingJson object at 0x72323ed5d9d0>]}


============================== 03:43:54.947947 | c5c8f7a6-779f-4760-8a69-bab3522c6915 ==============================
[0m03:43:54.947947 [info ] [MainThread]: Running with dbt=1.8.2
[0m03:43:54.949455 [debug] [MainThread]: running dbt with arguments {'printer_width': '80', 'indirect_selection': 'eager', 'log_cache_events': 'False', 'write_json': 'True', 'partial_parse': 'True', 'cache_selected_only': 'False', 'warn_error': 'None', 'fail_fast': 'False', 'version_check': 'True', 'log_path': '/opt/airflow/dbt/logs', 'profiles_dir': '/opt/airflow/dbt', 'debug': 'False', 'use_colors': 'True', 'use_experimental_parser': 'False', 'no_print': 'None', 'quiet': 'False', 'log_format': 'default', 'invocation_command': 'dbt debug', 'static_parser': 'True', 'warn_error_options': 'WarnErrorOptions(include=[], exclude=[])', 'target_path': 'None', 'introspect': 'True', 'send_anonymous_usage_stats': 'True'}
[0m03:43:54.988281 [info ] [MainThread]: dbt version: 1.8.2
[0m03:43:54.989710 [info ] [MainThread]: python version: 3.12.4
[0m03:43:54.990936 [info ] [MainThread]: python path: /home/airflow/.local/bin/python
[0m03:43:54.992017 [info ] [MainThread]: os info: Linux-6.6.87.2-microsoft-standard-WSL2-x86_64-with-glibc2.36
[0m03:43:55.088090 [info ] [MainThread]: Using profiles dir at /opt/airflow/dbt
[0m03:43:55.089805 [info ] [MainThread]: Using profiles.yml file at /opt/airflow/dbt/profiles.yml
[0m03:43:55.091463 [info ] [MainThread]: Using dbt_project.yml file at /opt/airflow/dbt/dbt_project.yml
[0m03:43:55.093853 [info ] [MainThread]: adapter type: postgres
[0m03:43:55.095308 [info ] [MainThread]: adapter version: 1.8.2
[0m03:43:55.201881 [info ] [MainThread]: Configuration:
[0m03:43:55.203695 [info ] [MainThread]:   profiles.yml file [[32mOK found and valid[0m]
[0m03:43:55.205007 [info ] [MainThread]:   dbt_project.yml file [[32mOK found and valid[0m]
[0m03:43:55.206376 [info ] [MainThread]: Required dependencies:
[0m03:43:55.207409 [debug] [MainThread]: Executing "git --help"
[0m03:43:55.212511 [debug] [MainThread]: STDOUT: "b"usage: git [-v | --version] [-h | --help] [-C <path>] [-c <name>=<value>]\n           [--exec-path[=<path>]] [--html-path] [--man-path] [--info-path]\n           [-p | --paginate | -P | --no-pager] [--no-replace-objects] [--bare]\n           [--git-dir=<path>] [--work-tree=<path>] [--namespace=<name>]\n           [--super-prefix=<path>] [--config-env=<name>=<envvar>]\n           <command> [<args>]\n\nThese are common Git commands used in various situations:\n\nstart a working area (see also: git help tutorial)\n   clone     Clone a repository into a new directory\n   init      Create an empty Git repository or reinitialize an existing one\n\nwork on the current change (see also: git help everyday)\n   add       Add file contents to the index\n   mv        Move or rename a file, a directory, or a symlink\n   restore   Restore working tree files\n   rm        Remove files from the working tree and from the index\n\nexamine the history and state (see also: git help revisions)\n   bisect    Use binary search to find the commit that introduced a bug\n   diff      Show changes between commits, commit and working tree, etc\n   grep      Print lines matching a pattern\n   log       Show commit logs\n   show      Show various types of objects\n   status    Show the working tree status\n\ngrow, mark and tweak your common history\n   branch    List, create, or delete branches\n   commit    Record changes to the repository\n   merge     Join two or more development histories together\n   rebase    Reapply commits on top of another base tip\n   reset     Reset current HEAD to the specified state\n   switch    Switch branches\n   tag       Create, list, delete or verify a tag object signed with GPG\n\ncollaborate (see also: git help workflows)\n   fetch     Download objects and refs from another repository\n   pull      Fetch from and integrate with another repository or a local branch\n   push      Update remote refs along with associated objects\n\n'git help -a' and 'git help -g' list available subcommands and some\nconcept guides. See 'git help <command>' or 'git help <concept>'\nto read about a specific subcommand or concept.\nSee 'git help git' for an overview of the system.\n""
[0m03:43:55.213711 [debug] [MainThread]: STDERR: "b''"
[0m03:43:55.214619 [info ] [MainThread]:  - git [[32mOK found[0m]

[0m03:43:55.216170 [info ] [MainThread]: Connection:
[0m03:43:55.217172 [info ] [MainThread]:   host: postgres
[0m03:43:55.218137 [info ] [MainThread]:   port: 5432
[0m03:43:55.219110 [info ] [MainThread]:   user: airflow_user
[0m03:43:55.220043 [info ] [MainThread]:   database: instacart
[0m03:43:55.221152 [info ] [MainThread]:   schema: dbt_dev
[0m03:43:55.222638 [info ] [MainThread]:   connect_timeout: 10
[0m03:43:55.223703 [info ] [MainThread]:   role: None
[0m03:43:55.224652 [info ] [MainThread]:   search_path: None
[0m03:43:55.225604 [info ] [MainThread]:   keepalives_idle: 0
[0m03:43:55.226736 [info ] [MainThread]:   sslmode: None
[0m03:43:55.227992 [info ] [MainThread]:   sslcert: None
[0m03:43:55.229141 [info ] [MainThread]:   sslkey: None
[0m03:43:55.230161 [info ] [MainThread]:   sslrootcert: None
[0m03:43:55.231153 [info ] [MainThread]:   application_name: dbt
[0m03:43:55.232123 [info ] [MainThread]:   retries: 1
[0m03:43:55.233384 [info ] [MainThread]: Registered adapter: postgres=1.8.2
[0m03:43:55.332317 [debug] [MainThread]: Acquiring new postgres connection 'debug'
[0m03:43:55.370354 [debug] [MainThread]: Using postgres connection "debug"
[0m03:43:55.371682 [debug] [MainThread]: On debug: select 1 as id
[0m03:43:55.372605 [debug] [MainThread]: Opening a new connection, currently in state init
[0m03:43:55.382168 [debug] [MainThread]: SQL status: SELECT 1 in 0.009 seconds
[0m03:43:55.384207 [debug] [MainThread]: On debug: Close
[0m03:43:55.385233 [info ] [MainThread]:   Connection test: [[32mOK connection ok[0m]

[0m03:43:55.386323 [info ] [MainThread]: [32mAll checks passed![0m
[0m03:43:55.388642 [debug] [MainThread]: Resource report: {"command_name": "debug", "command_success": true, "command_wall_clock_time": 0.5777086, "process_user_time": 1.97197, "process_kernel_time": 0.394394, "process_mem_max_rss": "114460", "process_in_blocks": "13304", "process_out_blocks": "5032"}
[0m03:43:55.390049 [debug] [MainThread]: Command `dbt debug` succeeded at 03:43:55.389934 after 0.58 seconds
[0m03:43:55.391014 [debug] [MainThread]: Connection 'debug' was properly closed.
[0m03:43:55.392113 [debug] [MainThread]: Sending event: {'category': 'dbt', 'action': 'invocation', 'label': 'end', 'context': [<snowplow_tracker.self_describing_json.SelfDescribingJson object at 0x72323ed947a0>, <snowplow_tracker.self_describing_json.SelfDescribingJson object at 0x72323e4a7b90>, <snowplow_tracker.self_describing_json.SelfDescribingJson object at 0x72323f630290>]}
[0m03:43:55.393383 [debug] [MainThread]: Flushing usage events
[0m04:05:52.838525 [debug] [MainThread]: Sending event: {'category': 'dbt', 'action': 'invocation', 'label': 'start', 'context': [<snowplow_tracker.self_describing_json.SelfDescribingJson object at 0x72fcf2a96ed0>, <snowplow_tracker.self_describing_json.SelfDescribingJson object at 0x72fcf2383590>, <snowplow_tracker.self_describing_json.SelfDescribingJson object at 0x72fcf1b10bf0>]}


============================== 04:05:52.847224 | 2300b6df-1f3e-422b-b540-e707a34febda ==============================
[0m04:05:52.847224 [info ] [MainThread]: Running with dbt=1.8.2
[0m04:05:52.848973 [debug] [MainThread]: running dbt with arguments {'printer_width': '80', 'indirect_selection': 'eager', 'log_cache_events': 'False', 'write_json': 'True', 'partial_parse': 'True', 'cache_selected_only': 'False', 'profiles_dir': '/opt/airflow/dbt', 'version_check': 'True', 'warn_error': 'None', 'log_path': '/opt/airflow/dbt/logs', 'debug': 'False', 'fail_fast': 'False', 'use_colors': 'True', 'use_experimental_parser': 'False', 'no_print': 'None', 'quiet': 'False', 'warn_error_options': 'WarnErrorOptions(include=[], exclude=[])', 'static_parser': 'True', 'introspect': 'True', 'invocation_command': 'dbt run --select stg_orders', 'target_path': 'None', 'log_format': 'default', 'send_anonymous_usage_stats': 'True'}
[0m04:05:53.223033 [debug] [MainThread]: Sending event: {'category': 'dbt', 'action': 'project_id', 'label': '2300b6df-1f3e-422b-b540-e707a34febda', 'context': [<snowplow_tracker.self_describing_json.SelfDescribingJson object at 0x72fcf270f860>]}
[0m04:05:53.276670 [debug] [MainThread]: Sending event: {'category': 'dbt', 'action': 'adapter_info', 'label': '2300b6df-1f3e-422b-b540-e707a34febda', 'context': [<snowplow_tracker.self_describing_json.SelfDescribingJson object at 0x72fcf1b8b7a0>]}
[0m04:05:53.279396 [info ] [MainThread]: Registered adapter: postgres=1.8.2
[0m04:05:53.384460 [error] [MainThread]: Encountered an error:
Compilation Error
  dbt found 1 package(s) specified in packages.yml, but only 0 package(s) installed in dbt_packages. Run "dbt deps" to install package dependencies.
[0m04:05:53.387173 [debug] [MainThread]: Resource report: {"command_name": "run", "command_wall_clock_time": 0.6126202, "process_user_time": 2.187204, "process_kernel_time": 0.601063, "process_mem_max_rss": "106204", "process_in_blocks": "74496", "command_success": false, "process_out_blocks": "0"}
[0m04:05:53.388716 [debug] [MainThread]: Command `dbt run` failed at 04:05:53.388595 after 0.61 seconds
[0m04:05:53.389793 [debug] [MainThread]: Sending event: {'category': 'dbt', 'action': 'invocation', 'label': 'end', 'context': [<snowplow_tracker.self_describing_json.SelfDescribingJson object at 0x72fcf296bc80>, <snowplow_tracker.self_describing_json.SelfDescribingJson object at 0x72fcf38637d0>, <snowplow_tracker.self_describing_json.SelfDescribingJson object at 0x72fcf167f530>]}
[0m04:05:53.391024 [debug] [MainThread]: Flushing usage events
[0m04:06:18.626531 [debug] [MainThread]: Sending event: {'category': 'dbt', 'action': 'invocation', 'label': 'start', 'context': [<snowplow_tracker.self_describing_json.SelfDescribingJson object at 0x785cc963bd70>, <snowplow_tracker.self_describing_json.SelfDescribingJson object at 0x785cc963b320>, <snowplow_tracker.self_describing_json.SelfDescribingJson object at 0x785cc9639880>]}


============================== 04:06:18.634288 | 38f3742a-ecdd-4595-8c11-09832b35803f ==============================
[0m04:06:18.634288 [info ] [MainThread]: Running with dbt=1.8.2
[0m04:06:18.635943 [debug] [MainThread]: running dbt with arguments {'printer_width': '80', 'indirect_selection': 'eager', 'log_cache_events': 'False', 'write_json': 'True', 'partial_parse': 'True', 'cache_selected_only': 'False', 'warn_error': 'None', 'fail_fast': 'False', 'version_check': 'True', 'log_path': '/opt/airflow/dbt/logs', 'debug': 'False', 'profiles_dir': '/opt/airflow/dbt', 'use_colors': 'True', 'use_experimental_parser': 'False', 'no_print': 'None', 'quiet': 'False', 'warn_error_options': 'WarnErrorOptions(include=[], exclude=[])', 'introspect': 'True', 'invocation_command': 'dbt test --select stg_orders', 'static_parser': 'True', 'target_path': 'None', 'log_format': 'default', 'send_anonymous_usage_stats': 'True'}
[0m04:06:18.850234 [debug] [MainThread]: Sending event: {'category': 'dbt', 'action': 'project_id', 'label': '38f3742a-ecdd-4595-8c11-09832b35803f', 'context': [<snowplow_tracker.self_describing_json.SelfDescribingJson object at 0x785cc957b4d0>]}
[0m04:06:18.904774 [debug] [MainThread]: Sending event: {'category': 'dbt', 'action': 'adapter_info', 'label': '38f3742a-ecdd-4595-8c11-09832b35803f', 'context': [<snowplow_tracker.self_describing_json.SelfDescribingJson object at 0x785cc957bce0>]}
[0m04:06:18.906659 [info ] [MainThread]: Registered adapter: postgres=1.8.2
[0m04:06:19.004358 [error] [MainThread]: Encountered an error:
Compilation Error
  dbt found 1 package(s) specified in packages.yml, but only 0 package(s) installed in dbt_packages. Run "dbt deps" to install package dependencies.
[0m04:06:19.006550 [debug] [MainThread]: Resource report: {"command_name": "test", "command_wall_clock_time": 0.44112596, "process_user_time": 1.895153, "process_kernel_time": 0.362901, "process_mem_max_rss": "106624", "command_success": false, "process_in_blocks": "0", "process_out_blocks": "0"}
[0m04:06:19.008076 [debug] [MainThread]: Command `dbt test` failed at 04:06:19.007936 after 0.44 seconds
[0m04:06:19.009253 [debug] [MainThread]: Sending event: {'category': 'dbt', 'action': 'invocation', 'label': 'end', 'context': [<snowplow_tracker.self_describing_json.SelfDescribingJson object at 0x785cca0aa4e0>, <snowplow_tracker.self_describing_json.SelfDescribingJson object at 0x785cc8db8890>, <snowplow_tracker.self_describing_json.SelfDescribingJson object at 0x785cca887e00>]}
[0m04:06:19.010301 [debug] [MainThread]: Flushing usage events
[0m04:13:43.532305 [debug] [MainThread]: Sending event: {'category': 'dbt', 'action': 'invocation', 'label': 'start', 'context': [<snowplow_tracker.self_describing_json.SelfDescribingJson object at 0x7cdd1da8efc0>, <snowplow_tracker.self_describing_json.SelfDescribingJson object at 0x7cdd1e461ee0>, <snowplow_tracker.self_describing_json.SelfDescribingJson object at 0x7cdd1efb3380>]}


============================== 04:13:43.540874 | 46b797c9-c494-4318-87d4-90156bd4c0d2 ==============================
[0m04:13:43.540874 [info ] [MainThread]: Running with dbt=1.8.2
[0m04:13:43.542358 [debug] [MainThread]: running dbt with arguments {'printer_width': '80', 'indirect_selection': 'eager', 'write_json': 'True', 'log_cache_events': 'False', 'partial_parse': 'True', 'cache_selected_only': 'False', 'warn_error': 'None', 'version_check': 'True', 'fail_fast': 'False', 'log_path': '/opt/airflow/dbt/logs', 'profiles_dir': '/opt/airflow/dbt', 'debug': 'False', 'use_colors': 'True', 'use_experimental_parser': 'False', 'no_print': 'None', 'quiet': 'False', 'log_format': 'default', 'invocation_command': 'dbt deps', 'static_parser': 'True', 'warn_error_options': 'WarnErrorOptions(include=[], exclude=[])', 'target_path': 'None', 'introspect': 'True', 'send_anonymous_usage_stats': 'True'}
[0m04:13:43.735686 [debug] [MainThread]: Sending event: {'category': 'dbt', 'action': 'project_id', 'label': '46b797c9-c494-4318-87d4-90156bd4c0d2', 'context': [<snowplow_tracker.self_describing_json.SelfDescribingJson object at 0x7cdd1d394e00>]}
[0m04:13:43.766467 [debug] [MainThread]: Set downloads directory='/tmp/dbt-downloads-mruv14fd'
[0m04:13:43.768130 [debug] [MainThread]: Making package index registry request: GET https://hub.getdbt.com/api/v1/index.json
[0m04:13:44.031879 [debug] [MainThread]: Response from registry index: GET https://hub.getdbt.com/api/v1/index.json 200
[0m04:13:44.033692 [debug] [MainThread]: Making package registry request: GET https://hub.getdbt.com/api/v1/dbt-labs/dbt_utils.json
[0m04:13:44.120275 [debug] [MainThread]: Response from registry: GET https://hub.getdbt.com/api/v1/dbt-labs/dbt_utils.json 200
[0m04:13:44.137616 [info ] [MainThread]: Updating lock file in file path: /opt/airflow/dbt/package-lock.yml
[0m04:13:44.154440 [debug] [MainThread]: Set downloads directory='/tmp/dbt-downloads-z88h6c99'
[0m04:13:44.159469 [info ] [MainThread]: Installing dbt-labs/dbt_utils
[0m04:13:48.205015 [info ] [MainThread]: Installed from version 1.4.1
[0m04:13:48.206599 [info ] [MainThread]: Up to date!
[0m04:13:48.207773 [debug] [MainThread]: Sending event: {'category': 'dbt', 'action': 'package', 'label': '46b797c9-c494-4318-87d4-90156bd4c0d2', 'property_': 'install', 'context': [<snowplow_tracker.self_describing_json.SelfDescribingJson object at 0x7cdd1c9c1d00>, <snowplow_tracker.self_describing_json.SelfDescribingJson object at 0x7cdd1d4f3170>]}
[0m04:13:48.210439 [debug] [MainThread]: Resource report: {"command_name": "deps", "command_success": true, "command_wall_clock_time": 4.800395, "process_user_time": 1.871218, "process_kernel_time": 0.874804, "process_mem_max_rss": "101804", "process_in_blocks": "70400", "process_out_blocks": "176"}
[0m04:13:48.211797 [debug] [MainThread]: Command `dbt deps` succeeded at 04:13:48.211682 after 4.80 seconds
[0m04:13:48.213762 [debug] [MainThread]: Sending event: {'category': 'dbt', 'action': 'invocation', 'label': 'end', 'context': [<snowplow_tracker.self_describing_json.SelfDescribingJson object at 0x7cdd1ca49970>, <snowplow_tracker.self_describing_json.SelfDescribingJson object at 0x7cdd1c9c1d00>, <snowplow_tracker.self_describing_json.SelfDescribingJson object at 0x7cdd1ca01a60>]}
[0m04:13:48.215691 [debug] [MainThread]: Flushing usage events
[0m04:14:28.773639 [debug] [MainThread]: Sending event: {'category': 'dbt', 'action': 'invocation', 'label': 'start', 'context': [<snowplow_tracker.self_describing_json.SelfDescribingJson object at 0x79fde0d50d70>, <snowplow_tracker.self_describing_json.SelfDescribingJson object at 0x79fde0c8fe90>, <snowplow_tracker.self_describing_json.SelfDescribingJson object at 0x79fde0cf0bf0>]}


============================== 04:14:28.780521 | 7e7024c1-2207-428a-a285-d3d6cfc7a8dc ==============================
[0m04:14:28.780521 [info ] [MainThread]: Running with dbt=1.8.2
[0m04:14:28.781818 [debug] [MainThread]: running dbt with arguments {'printer_width': '80', 'indirect_selection': 'eager', 'write_json': 'True', 'log_cache_events': 'False', 'partial_parse': 'True', 'cache_selected_only': 'False', 'profiles_dir': '/opt/airflow/dbt', 'fail_fast': 'False', 'debug': 'False', 'log_path': '/opt/airflow/dbt/logs', 'warn_error': 'None', 'version_check': 'True', 'use_colors': 'True', 'use_experimental_parser': 'False', 'no_print': 'None', 'quiet': 'False', 'warn_error_options': 'WarnErrorOptions(include=[], exclude=[])', 'introspect': 'True', 'log_format': 'default', 'invocation_command': 'dbt run --select stg_orders', 'target_path': 'None', 'static_parser': 'True', 'send_anonymous_usage_stats': 'True'}
[0m04:14:28.994413 [debug] [MainThread]: Sending event: {'category': 'dbt', 'action': 'project_id', 'label': '7e7024c1-2207-428a-a285-d3d6cfc7a8dc', 'context': [<snowplow_tracker.self_describing_json.SelfDescribingJson object at 0x79fde074f380>]}
[0m04:14:29.048355 [debug] [MainThread]: Sending event: {'category': 'dbt', 'action': 'adapter_info', 'label': '7e7024c1-2207-428a-a285-d3d6cfc7a8dc', 'context': [<snowplow_tracker.self_describing_json.SelfDescribingJson object at 0x79fde0703b60>]}
[0m04:14:29.051101 [info ] [MainThread]: Registered adapter: postgres=1.8.2
[0m04:14:29.185696 [debug] [MainThread]: checksum: f0a141b9de567cb7f131613ba2682f40b3a1c6a157f81c6e5435862eff68f109, vars: {}, profile: , target: , version: 1.8.2
[0m04:14:29.193413 [info ] [MainThread]: Unable to do partial parsing because saved manifest not found. Starting full parse.
[0m04:14:29.194764 [debug] [MainThread]: Sending event: {'category': 'dbt', 'action': 'partial_parser', 'label': '7e7024c1-2207-428a-a285-d3d6cfc7a8dc', 'context': [<snowplow_tracker.self_describing_json.SelfDescribingJson object at 0x79fddff73020>]}
[0m04:14:31.311785 [warn ] [MainThread]: [[33mWARNING[0m]: Deprecated functionality
The `tests` config has been renamed to `data_tests`. Please see
https://docs.getdbt.com/docs/build/data-tests#new-data_tests-syntax for more
information.
[0m04:14:31.313626 [debug] [MainThread]: Sending event: {'category': 'dbt', 'action': 'deprecation', 'label': '7e7024c1-2207-428a-a285-d3d6cfc7a8dc', 'property_': 'warn', 'context': [<snowplow_tracker.self_describing_json.SelfDescribingJson object at 0x79fde0c1e750>]}
[0m04:14:31.667936 [warn ] [MainThread]: [[33mWARNING[0m]: Configuration paths exist in your dbt_project.yml file which do not apply to any resources.
There are 2 unused configuration paths:
- models.instacart_pipeline.marts
- models.instacart_pipeline.intermediate
[0m04:14:31.681362 [debug] [MainThread]: Sending event: {'category': 'dbt', 'action': 'load_project', 'label': '7e7024c1-2207-428a-a285-d3d6cfc7a8dc', 'context': [<snowplow_tracker.self_describing_json.SelfDescribingJson object at 0x79fddef53290>]}
[0m04:14:31.817469 [debug] [MainThread]: Sending event: {'category': 'dbt', 'action': 'resource_counts', 'label': '7e7024c1-2207-428a-a285-d3d6cfc7a8dc', 'context': [<snowplow_tracker.self_describing_json.SelfDescribingJson object at 0x79fddef42510>]}
[0m04:14:31.818765 [info ] [MainThread]: Found 1 model, 7 data tests, 6 sources, 544 macros
[0m04:14:31.820028 [debug] [MainThread]: Sending event: {'category': 'dbt', 'action': 'runnable_timing', 'label': '7e7024c1-2207-428a-a285-d3d6cfc7a8dc', 'context': [<snowplow_tracker.self_describing_json.SelfDescribingJson object at 0x79fddf7dad50>]}
[0m04:14:31.823321 [info ] [MainThread]: 
[0m04:14:31.825061 [debug] [MainThread]: Acquiring new postgres connection 'master'
[0m04:14:31.827451 [debug] [ThreadPool]: Acquiring new postgres connection 'list_instacart'
[0m04:14:31.888843 [debug] [ThreadPool]: Using postgres connection "list_instacart"
[0m04:14:31.890781 [debug] [ThreadPool]: On list_instacart: /* {"app": "dbt", "dbt_version": "1.8.2", "profile_name": "instacart_pipeline", "target_name": "dev", "connection_name": "list_instacart"} */

    select distinct nspname from pg_namespace
  
[0m04:14:31.891802 [debug] [ThreadPool]: Opening a new connection, currently in state init
[0m04:14:31.904368 [debug] [ThreadPool]: SQL status: SELECT 5 in 0.012 seconds
[0m04:14:31.906517 [debug] [ThreadPool]: On list_instacart: Close
[0m04:14:31.907993 [debug] [ThreadPool]: Re-using an available connection from the pool (formerly list_instacart, now create_instacart_dbt_dev)
[0m04:14:31.909370 [debug] [ThreadPool]: Creating schema "database: "instacart"
schema: "dbt_dev"
"
[0m04:14:31.914841 [debug] [ThreadPool]: Using postgres connection "create_instacart_dbt_dev"
[0m04:14:31.915966 [debug] [ThreadPool]: On create_instacart_dbt_dev: BEGIN
[0m04:14:31.916846 [debug] [ThreadPool]: Opening a new connection, currently in state closed
[0m04:14:31.925591 [debug] [ThreadPool]: SQL status: BEGIN in 0.009 seconds
[0m04:14:31.927053 [debug] [ThreadPool]: Using postgres connection "create_instacart_dbt_dev"
[0m04:14:31.928189 [debug] [ThreadPool]: On create_instacart_dbt_dev: /* {"app": "dbt", "dbt_version": "1.8.2", "profile_name": "instacart_pipeline", "target_name": "dev", "connection_name": "create_instacart_dbt_dev"} */
create schema if not exists "dbt_dev"
[0m04:14:31.935482 [debug] [ThreadPool]: SQL status: CREATE SCHEMA in 0.006 seconds
[0m04:14:31.937694 [debug] [ThreadPool]: On create_instacart_dbt_dev: COMMIT
[0m04:14:31.938924 [debug] [ThreadPool]: Using postgres connection "create_instacart_dbt_dev"
[0m04:14:31.939910 [debug] [ThreadPool]: On create_instacart_dbt_dev: COMMIT
[0m04:14:31.942353 [debug] [ThreadPool]: SQL status: COMMIT in 0.001 seconds
[0m04:14:31.943579 [debug] [ThreadPool]: On create_instacart_dbt_dev: Close
[0m04:14:31.945955 [debug] [ThreadPool]: Re-using an available connection from the pool (formerly create_instacart_dbt_dev, now list_instacart_dbt_dev)
[0m04:14:31.953059 [debug] [ThreadPool]: Using postgres connection "list_instacart_dbt_dev"
[0m04:14:31.954265 [debug] [ThreadPool]: On list_instacart_dbt_dev: BEGIN
[0m04:14:31.955235 [debug] [ThreadPool]: Opening a new connection, currently in state closed
[0m04:14:31.964493 [debug] [ThreadPool]: SQL status: BEGIN in 0.009 seconds
[0m04:14:31.966447 [debug] [ThreadPool]: Using postgres connection "list_instacart_dbt_dev"
[0m04:14:31.968918 [debug] [ThreadPool]: On list_instacart_dbt_dev: /* {"app": "dbt", "dbt_version": "1.8.2", "profile_name": "instacart_pipeline", "target_name": "dev", "connection_name": "list_instacart_dbt_dev"} */
select
      'instacart' as database,
      tablename as name,
      schemaname as schema,
      'table' as type
    from pg_tables
    where schemaname ilike 'dbt_dev'
    union all
    select
      'instacart' as database,
      viewname as name,
      schemaname as schema,
      'view' as type
    from pg_views
    where schemaname ilike 'dbt_dev'
    union all
    select
      'instacart' as database,
      matviewname as name,
      schemaname as schema,
      'materialized_view' as type
    from pg_matviews
    where schemaname ilike 'dbt_dev'
  
[0m04:14:31.985186 [debug] [ThreadPool]: SQL status: SELECT 0 in 0.015 seconds
[0m04:14:31.987427 [debug] [ThreadPool]: On list_instacart_dbt_dev: ROLLBACK
[0m04:14:31.988461 [debug] [ThreadPool]: On list_instacart_dbt_dev: Close
[0m04:14:31.993292 [debug] [MainThread]: Using postgres connection "master"
[0m04:14:31.994468 [debug] [MainThread]: On master: BEGIN
[0m04:14:31.995479 [debug] [MainThread]: Opening a new connection, currently in state init
[0m04:14:32.002417 [debug] [MainThread]: SQL status: BEGIN in 0.007 seconds
[0m04:14:32.003529 [debug] [MainThread]: Using postgres connection "master"
[0m04:14:32.004417 [debug] [MainThread]: On master: /* {"app": "dbt", "dbt_version": "1.8.2", "profile_name": "instacart_pipeline", "target_name": "dev", "connection_name": "master"} */
with relation as (
        select
            pg_rewrite.ev_class as class,
            pg_rewrite.oid as id
        from pg_rewrite
    ),
    class as (
        select
            oid as id,
            relname as name,
            relnamespace as schema,
            relkind as kind
        from pg_class
    ),
    dependency as (
        select distinct
            pg_depend.objid as id,
            pg_depend.refobjid as ref
        from pg_depend
    ),
    schema as (
        select
            pg_namespace.oid as id,
            pg_namespace.nspname as name
        from pg_namespace
        where nspname != 'information_schema' and nspname not like 'pg\_%'
    ),
    referenced as (
        select
            relation.id AS id,
            referenced_class.name ,
            referenced_class.schema ,
            referenced_class.kind
        from relation
        join class as referenced_class on relation.class=referenced_class.id
        where referenced_class.kind in ('r', 'v', 'm')
    ),
    relationships as (
        select
            referenced.name as referenced_name,
            referenced.schema as referenced_schema_id,
            dependent_class.name as dependent_name,
            dependent_class.schema as dependent_schema_id,
            referenced.kind as kind
        from referenced
        join dependency on referenced.id=dependency.id
        join class as dependent_class on dependency.ref=dependent_class.id
        where
            (referenced.name != dependent_class.name or
             referenced.schema != dependent_class.schema)
    )

    select
        referenced_schema.name as referenced_schema,
        relationships.referenced_name as referenced_name,
        dependent_schema.name as dependent_schema,
        relationships.dependent_name as dependent_name
    from relationships
    join schema as dependent_schema on relationships.dependent_schema_id=dependent_schema.id
    join schema as referenced_schema on relationships.referenced_schema_id=referenced_schema.id
    group by referenced_schema, referenced_name, dependent_schema, dependent_name
    order by referenced_schema, referenced_name, dependent_schema, dependent_name;
[0m04:14:32.023254 [debug] [MainThread]: SQL status: SELECT 0 in 0.018 seconds
[0m04:14:32.025771 [debug] [MainThread]: Sending event: {'category': 'dbt', 'action': 'runnable_timing', 'label': '7e7024c1-2207-428a-a285-d3d6cfc7a8dc', 'context': [<snowplow_tracker.self_describing_json.SelfDescribingJson object at 0x79fddc2a7230>]}
[0m04:14:32.026810 [debug] [MainThread]: On master: ROLLBACK
[0m04:14:32.027842 [debug] [MainThread]: Using postgres connection "master"
[0m04:14:32.028690 [debug] [MainThread]: On master: BEGIN
[0m04:14:32.029979 [debug] [MainThread]: SQL status: BEGIN in 0.000 seconds
[0m04:14:32.030950 [debug] [MainThread]: On master: COMMIT
[0m04:14:32.031764 [debug] [MainThread]: Using postgres connection "master"
[0m04:14:32.032576 [debug] [MainThread]: On master: COMMIT
[0m04:14:32.034162 [debug] [MainThread]: SQL status: COMMIT in 0.000 seconds
[0m04:14:32.035103 [debug] [MainThread]: On master: Close
[0m04:14:32.036131 [info ] [MainThread]: Concurrency: 4 threads (target='dev')
[0m04:14:32.037323 [info ] [MainThread]: 
[0m04:14:32.048430 [debug] [Thread-1 (]: Began running node model.instacart_pipeline.stg_orders
[0m04:14:32.049814 [info ] [Thread-1 (]: 1 of 1 START sql view model dbt_dev.stg_orders ................................. [RUN]
[0m04:14:32.050903 [debug] [Thread-1 (]: Re-using an available connection from the pool (formerly list_instacart_dbt_dev, now model.instacart_pipeline.stg_orders)
[0m04:14:32.051783 [debug] [Thread-1 (]: Began compiling node model.instacart_pipeline.stg_orders
[0m04:14:32.058666 [debug] [Thread-1 (]: Writing injected SQL for node "model.instacart_pipeline.stg_orders"
[0m04:14:32.076207 [debug] [Thread-1 (]: Began executing node model.instacart_pipeline.stg_orders
[0m04:14:32.107591 [debug] [Thread-1 (]: Writing runtime sql for node "model.instacart_pipeline.stg_orders"
[0m04:14:32.125724 [debug] [Thread-1 (]: Using postgres connection "model.instacart_pipeline.stg_orders"
[0m04:14:32.126809 [debug] [Thread-1 (]: On model.instacart_pipeline.stg_orders: BEGIN
[0m04:14:32.127797 [debug] [Thread-1 (]: Opening a new connection, currently in state closed
[0m04:14:32.134938 [debug] [Thread-1 (]: SQL status: BEGIN in 0.007 seconds
[0m04:14:32.136416 [debug] [Thread-1 (]: Using postgres connection "model.instacart_pipeline.stg_orders"
[0m04:14:32.137699 [debug] [Thread-1 (]: On model.instacart_pipeline.stg_orders: /* {"app": "dbt", "dbt_version": "1.8.2", "profile_name": "instacart_pipeline", "target_name": "dev", "node_id": "model.instacart_pipeline.stg_orders"} */

  create view "instacart"."dbt_dev"."stg_orders__dbt_tmp"
    
    
  as (
    select
    order_id,
    user_id,
    order_number,
    order_dow,
    order_hour_of_day,
    days_since_prior_order,
    eval_set
from "instacart"."raw"."orders"
  );
[0m04:14:32.141484 [debug] [Thread-1 (]: Postgres adapter: Postgres error: relation "raw.orders" does not exist
LINE 15: from "instacart"."raw"."orders"
              ^

[0m04:14:32.142616 [debug] [Thread-1 (]: On model.instacart_pipeline.stg_orders: ROLLBACK
[0m04:14:32.143729 [debug] [Thread-1 (]: On model.instacart_pipeline.stg_orders: Close
[0m04:14:32.151121 [debug] [Thread-1 (]: Database Error in model stg_orders (models/staging/stg_orders.sql)
  relation "raw.orders" does not exist
  LINE 15: from "instacart"."raw"."orders"
                ^
  compiled code at target/run/instacart_pipeline/models/staging/stg_orders.sql
[0m04:14:32.153454 [debug] [Thread-1 (]: Sending event: {'category': 'dbt', 'action': 'run_model', 'label': '7e7024c1-2207-428a-a285-d3d6cfc7a8dc', 'context': [<snowplow_tracker.self_describing_json.SelfDescribingJson object at 0x79fddc1fdcd0>]}
[0m04:14:32.154788 [error] [Thread-1 (]: 1 of 1 ERROR creating sql view model dbt_dev.stg_orders ........................ [[31mERROR[0m in 0.10s]
[0m04:14:32.156214 [debug] [Thread-1 (]: Finished running node model.instacart_pipeline.stg_orders
[0m04:14:32.159453 [debug] [MainThread]: Using postgres connection "master"
[0m04:14:32.160453 [debug] [MainThread]: On master: BEGIN
[0m04:14:32.161432 [debug] [MainThread]: Opening a new connection, currently in state closed
[0m04:14:32.169532 [debug] [MainThread]: SQL status: BEGIN in 0.008 seconds
[0m04:14:32.171092 [debug] [MainThread]: On master: COMMIT
[0m04:14:32.172008 [debug] [MainThread]: Using postgres connection "master"
[0m04:14:32.172851 [debug] [MainThread]: On master: COMMIT
[0m04:14:32.173912 [debug] [MainThread]: SQL status: COMMIT in 0.000 seconds
[0m04:14:32.174759 [debug] [MainThread]: On master: Close
[0m04:14:32.175800 [debug] [MainThread]: Connection 'master' was properly closed.
[0m04:14:32.176636 [debug] [MainThread]: Connection 'model.instacart_pipeline.stg_orders' was properly closed.
[0m04:14:32.177557 [info ] [MainThread]: 
[0m04:14:32.178564 [info ] [MainThread]: Finished running 1 view model in 0 hours 0 minutes and 0.35 seconds (0.35s).
[0m04:14:32.179999 [debug] [MainThread]: Command end result
[0m04:14:32.236425 [info ] [MainThread]: 
[0m04:14:32.237991 [info ] [MainThread]: [31mCompleted with 1 error and 0 warnings:[0m
[0m04:14:32.239279 [info ] [MainThread]: 
[0m04:14:32.240673 [error] [MainThread]:   Database Error in model stg_orders (models/staging/stg_orders.sql)
  relation "raw.orders" does not exist
  LINE 15: from "instacart"."raw"."orders"
                ^
  compiled code at target/run/instacart_pipeline/models/staging/stg_orders.sql
[0m04:14:32.242714 [info ] [MainThread]: 
[0m04:14:32.244124 [info ] [MainThread]: Done. PASS=0 WARN=0 ERROR=1 SKIP=0 TOTAL=1
[0m04:14:32.245838 [debug] [MainThread]: Resource report: {"command_name": "run", "command_wall_clock_time": 3.5334344, "process_user_time": 3.580927, "process_kernel_time": 0.532568, "process_mem_max_rss": "124128", "process_in_blocks": "6744", "command_success": false, "process_out_blocks": "0"}
[0m04:14:32.247251 [debug] [MainThread]: Command `dbt run` failed at 04:14:32.247070 after 3.53 seconds
[0m04:14:32.248604 [debug] [MainThread]: Sending event: {'category': 'dbt', 'action': 'invocation', 'label': 'end', 'context': [<snowplow_tracker.self_describing_json.SelfDescribingJson object at 0x79fde07e63f0>, <snowplow_tracker.self_describing_json.SelfDescribingJson object at 0x79fde13833b0>, <snowplow_tracker.self_describing_json.SelfDescribingJson object at 0x79fde0c1dd90>]}
[0m04:14:32.249928 [debug] [MainThread]: Flushing usage events
[0m12:07:04.948347 [debug] [MainThread]: Sending event: {'category': 'dbt', 'action': 'invocation', 'label': 'start', 'context': [<snowplow_tracker.self_describing_json.SelfDescribingJson object at 0x732fa3664b00>, <snowplow_tracker.self_describing_json.SelfDescribingJson object at 0x732fa1eae870>, <snowplow_tracker.self_describing_json.SelfDescribingJson object at 0x732fa1abb890>]}


============================== 12:07:04.956851 | 22eb593c-c03f-430f-bd69-c0a43116fc11 ==============================
[0m12:07:04.956851 [info ] [MainThread]: Running with dbt=1.8.2
[0m12:07:04.958211 [debug] [MainThread]: running dbt with arguments {'printer_width': '80', 'indirect_selection': 'eager', 'write_json': 'True', 'log_cache_events': 'False', 'partial_parse': 'True', 'cache_selected_only': 'False', 'warn_error': 'None', 'version_check': 'True', 'debug': 'False', 'log_path': '/opt/airflow/dbt/logs', 'fail_fast': 'False', 'profiles_dir': '/opt/airflow/dbt', 'use_colors': 'True', 'use_experimental_parser': 'False', 'no_print': 'None', 'quiet': 'False', 'log_format': 'default', 'introspect': 'True', 'static_parser': 'True', 'invocation_command': 'dbt run --select stg_orders', 'target_path': 'None', 'warn_error_options': 'WarnErrorOptions(include=[], exclude=[])', 'send_anonymous_usage_stats': 'True'}
[0m12:07:05.381880 [debug] [MainThread]: Sending event: {'category': 'dbt', 'action': 'project_id', 'label': '22eb593c-c03f-430f-bd69-c0a43116fc11', 'context': [<snowplow_tracker.self_describing_json.SelfDescribingJson object at 0x732fa0df3ad0>]}
[0m12:07:05.441888 [debug] [MainThread]: Sending event: {'category': 'dbt', 'action': 'adapter_info', 'label': '22eb593c-c03f-430f-bd69-c0a43116fc11', 'context': [<snowplow_tracker.self_describing_json.SelfDescribingJson object at 0x732fa15d2180>]}
[0m12:07:05.444533 [info ] [MainThread]: Registered adapter: postgres=1.8.2
[0m12:07:05.648415 [debug] [MainThread]: checksum: f0a141b9de567cb7f131613ba2682f40b3a1c6a157f81c6e5435862eff68f109, vars: {}, profile: , target: , version: 1.8.2
[0m12:07:06.896166 [debug] [MainThread]: Partial parsing enabled: 0 files deleted, 0 files added, 0 files changed.
[0m12:07:06.897240 [debug] [MainThread]: Partial parsing enabled, no changes found, skipping parsing
[0m12:07:06.903880 [warn ] [MainThread]: [[33mWARNING[0m]: Configuration paths exist in your dbt_project.yml file which do not apply to any resources.
There are 2 unused configuration paths:
- models.instacart_pipeline.intermediate
- models.instacart_pipeline.marts
[0m12:07:06.942712 [debug] [MainThread]: Sending event: {'category': 'dbt', 'action': 'load_project', 'label': '22eb593c-c03f-430f-bd69-c0a43116fc11', 'context': [<snowplow_tracker.self_describing_json.SelfDescribingJson object at 0x732fa0df3a10>]}
[0m12:07:07.092017 [debug] [MainThread]: Sending event: {'category': 'dbt', 'action': 'resource_counts', 'label': '22eb593c-c03f-430f-bd69-c0a43116fc11', 'context': [<snowplow_tracker.self_describing_json.SelfDescribingJson object at 0x732f9f9cfe60>]}
[0m12:07:07.093332 [info ] [MainThread]: Found 1 model, 7 data tests, 6 sources, 544 macros
[0m12:07:07.095083 [debug] [MainThread]: Sending event: {'category': 'dbt', 'action': 'runnable_timing', 'label': '22eb593c-c03f-430f-bd69-c0a43116fc11', 'context': [<snowplow_tracker.self_describing_json.SelfDescribingJson object at 0x732f9f9b67b0>]}
[0m12:07:07.098059 [info ] [MainThread]: 
[0m12:07:07.099935 [debug] [MainThread]: Acquiring new postgres connection 'master'
[0m12:07:07.102048 [debug] [ThreadPool]: Acquiring new postgres connection 'list_instacart'
[0m12:07:07.193165 [debug] [ThreadPool]: Using postgres connection "list_instacart"
[0m12:07:07.194426 [debug] [ThreadPool]: On list_instacart: /* {"app": "dbt", "dbt_version": "1.8.2", "profile_name": "instacart_pipeline", "target_name": "dev", "connection_name": "list_instacart"} */

    select distinct nspname from pg_namespace
  
[0m12:07:07.195590 [debug] [ThreadPool]: Opening a new connection, currently in state init
[0m12:07:07.208610 [debug] [ThreadPool]: SQL status: SELECT 6 in 0.013 seconds
[0m12:07:07.211098 [debug] [ThreadPool]: On list_instacart: Close
[0m12:07:07.213811 [debug] [ThreadPool]: Re-using an available connection from the pool (formerly list_instacart, now list_instacart_dbt_dev)
[0m12:07:07.219826 [debug] [ThreadPool]: Using postgres connection "list_instacart_dbt_dev"
[0m12:07:07.220775 [debug] [ThreadPool]: On list_instacart_dbt_dev: BEGIN
[0m12:07:07.222181 [debug] [ThreadPool]: Opening a new connection, currently in state closed
[0m12:07:07.229735 [debug] [ThreadPool]: SQL status: BEGIN in 0.007 seconds
[0m12:07:07.230894 [debug] [ThreadPool]: Using postgres connection "list_instacart_dbt_dev"
[0m12:07:07.231837 [debug] [ThreadPool]: On list_instacart_dbt_dev: /* {"app": "dbt", "dbt_version": "1.8.2", "profile_name": "instacart_pipeline", "target_name": "dev", "connection_name": "list_instacart_dbt_dev"} */
select
      'instacart' as database,
      tablename as name,
      schemaname as schema,
      'table' as type
    from pg_tables
    where schemaname ilike 'dbt_dev'
    union all
    select
      'instacart' as database,
      viewname as name,
      schemaname as schema,
      'view' as type
    from pg_views
    where schemaname ilike 'dbt_dev'
    union all
    select
      'instacart' as database,
      matviewname as name,
      schemaname as schema,
      'materialized_view' as type
    from pg_matviews
    where schemaname ilike 'dbt_dev'
  
[0m12:07:07.241878 [debug] [ThreadPool]: SQL status: SELECT 0 in 0.009 seconds
[0m12:07:07.243849 [debug] [ThreadPool]: On list_instacart_dbt_dev: ROLLBACK
[0m12:07:07.244949 [debug] [ThreadPool]: On list_instacart_dbt_dev: Close
[0m12:07:07.249562 [debug] [MainThread]: Using postgres connection "master"
[0m12:07:07.250603 [debug] [MainThread]: On master: BEGIN
[0m12:07:07.251519 [debug] [MainThread]: Opening a new connection, currently in state init
[0m12:07:07.259047 [debug] [MainThread]: SQL status: BEGIN in 0.007 seconds
[0m12:07:07.260203 [debug] [MainThread]: Using postgres connection "master"
[0m12:07:07.261182 [debug] [MainThread]: On master: /* {"app": "dbt", "dbt_version": "1.8.2", "profile_name": "instacart_pipeline", "target_name": "dev", "connection_name": "master"} */
with relation as (
        select
            pg_rewrite.ev_class as class,
            pg_rewrite.oid as id
        from pg_rewrite
    ),
    class as (
        select
            oid as id,
            relname as name,
            relnamespace as schema,
            relkind as kind
        from pg_class
    ),
    dependency as (
        select distinct
            pg_depend.objid as id,
            pg_depend.refobjid as ref
        from pg_depend
    ),
    schema as (
        select
            pg_namespace.oid as id,
            pg_namespace.nspname as name
        from pg_namespace
        where nspname != 'information_schema' and nspname not like 'pg\_%'
    ),
    referenced as (
        select
            relation.id AS id,
            referenced_class.name ,
            referenced_class.schema ,
            referenced_class.kind
        from relation
        join class as referenced_class on relation.class=referenced_class.id
        where referenced_class.kind in ('r', 'v', 'm')
    ),
    relationships as (
        select
            referenced.name as referenced_name,
            referenced.schema as referenced_schema_id,
            dependent_class.name as dependent_name,
            dependent_class.schema as dependent_schema_id,
            referenced.kind as kind
        from referenced
        join dependency on referenced.id=dependency.id
        join class as dependent_class on dependency.ref=dependent_class.id
        where
            (referenced.name != dependent_class.name or
             referenced.schema != dependent_class.schema)
    )

    select
        referenced_schema.name as referenced_schema,
        relationships.referenced_name as referenced_name,
        dependent_schema.name as dependent_schema,
        relationships.dependent_name as dependent_name
    from relationships
    join schema as dependent_schema on relationships.dependent_schema_id=dependent_schema.id
    join schema as referenced_schema on relationships.referenced_schema_id=referenced_schema.id
    group by referenced_schema, referenced_name, dependent_schema, dependent_name
    order by referenced_schema, referenced_name, dependent_schema, dependent_name;
[0m12:07:07.280991 [debug] [MainThread]: SQL status: SELECT 0 in 0.019 seconds
[0m12:07:07.283076 [debug] [MainThread]: Sending event: {'category': 'dbt', 'action': 'runnable_timing', 'label': '22eb593c-c03f-430f-bd69-c0a43116fc11', 'context': [<snowplow_tracker.self_describing_json.SelfDescribingJson object at 0x732f9f9cc8f0>]}
[0m12:07:07.284068 [debug] [MainThread]: On master: ROLLBACK
[0m12:07:07.285242 [debug] [MainThread]: Using postgres connection "master"
[0m12:07:07.286198 [debug] [MainThread]: On master: BEGIN
[0m12:07:07.287505 [debug] [MainThread]: SQL status: BEGIN in 0.000 seconds
[0m12:07:07.288603 [debug] [MainThread]: On master: COMMIT
[0m12:07:07.289457 [debug] [MainThread]: Using postgres connection "master"
[0m12:07:07.290314 [debug] [MainThread]: On master: COMMIT
[0m12:07:07.291469 [debug] [MainThread]: SQL status: COMMIT in 0.000 seconds
[0m12:07:07.292340 [debug] [MainThread]: On master: Close
[0m12:07:07.293382 [info ] [MainThread]: Concurrency: 4 threads (target='dev')
[0m12:07:07.294716 [info ] [MainThread]: 
[0m12:07:07.305367 [debug] [Thread-1 (]: Began running node model.instacart_pipeline.stg_orders
[0m12:07:07.306765 [info ] [Thread-1 (]: 1 of 1 START sql view model dbt_dev.stg_orders ................................. [RUN]
[0m12:07:07.307902 [debug] [Thread-1 (]: Re-using an available connection from the pool (formerly list_instacart_dbt_dev, now model.instacart_pipeline.stg_orders)
[0m12:07:07.308797 [debug] [Thread-1 (]: Began compiling node model.instacart_pipeline.stg_orders
[0m12:07:07.315819 [debug] [Thread-1 (]: Writing injected SQL for node "model.instacart_pipeline.stg_orders"
[0m12:07:07.325534 [debug] [Thread-1 (]: Began executing node model.instacart_pipeline.stg_orders
[0m12:07:07.359229 [debug] [Thread-1 (]: Writing runtime sql for node "model.instacart_pipeline.stg_orders"
[0m12:07:07.370548 [debug] [Thread-1 (]: Using postgres connection "model.instacart_pipeline.stg_orders"
[0m12:07:07.371588 [debug] [Thread-1 (]: On model.instacart_pipeline.stg_orders: BEGIN
[0m12:07:07.372447 [debug] [Thread-1 (]: Opening a new connection, currently in state closed
[0m12:07:07.380018 [debug] [Thread-1 (]: SQL status: BEGIN in 0.007 seconds
[0m12:07:07.381316 [debug] [Thread-1 (]: Using postgres connection "model.instacart_pipeline.stg_orders"
[0m12:07:07.382293 [debug] [Thread-1 (]: On model.instacart_pipeline.stg_orders: /* {"app": "dbt", "dbt_version": "1.8.2", "profile_name": "instacart_pipeline", "target_name": "dev", "node_id": "model.instacart_pipeline.stg_orders"} */

  create view "instacart"."dbt_dev"."stg_orders__dbt_tmp"
    
    
  as (
    select
    order_id,
    user_id,
    order_number,
    order_dow,
    order_hour_of_day,
    days_since_prior_order,
    eval_set
from "instacart"."raw"."orders"
  );
[0m12:07:07.386375 [debug] [Thread-1 (]: Postgres adapter: Postgres error: relation "raw.orders" does not exist
LINE 15: from "instacart"."raw"."orders"
              ^

[0m12:07:07.387633 [debug] [Thread-1 (]: On model.instacart_pipeline.stg_orders: ROLLBACK
[0m12:07:07.388735 [debug] [Thread-1 (]: On model.instacart_pipeline.stg_orders: Close
[0m12:07:07.396211 [debug] [Thread-1 (]: Database Error in model stg_orders (models/staging/stg_orders.sql)
  relation "raw.orders" does not exist
  LINE 15: from "instacart"."raw"."orders"
                ^
  compiled code at target/run/instacart_pipeline/models/staging/stg_orders.sql
[0m12:07:07.398445 [debug] [Thread-1 (]: Sending event: {'category': 'dbt', 'action': 'run_model', 'label': '22eb593c-c03f-430f-bd69-c0a43116fc11', 'context': [<snowplow_tracker.self_describing_json.SelfDescribingJson object at 0x732fa01b5d00>]}
[0m12:07:07.400167 [error] [Thread-1 (]: 1 of 1 ERROR creating sql view model dbt_dev.stg_orders ........................ [[31mERROR[0m in 0.09s]
[0m12:07:07.401366 [debug] [Thread-1 (]: Finished running node model.instacart_pipeline.stg_orders
[0m12:07:07.404911 [debug] [MainThread]: Using postgres connection "master"
[0m12:07:07.406131 [debug] [MainThread]: On master: BEGIN
[0m12:07:07.407074 [debug] [MainThread]: Opening a new connection, currently in state closed
[0m12:07:07.414883 [debug] [MainThread]: SQL status: BEGIN in 0.008 seconds
[0m12:07:07.416257 [debug] [MainThread]: On master: COMMIT
[0m12:07:07.417202 [debug] [MainThread]: Using postgres connection "master"
[0m12:07:07.418069 [debug] [MainThread]: On master: COMMIT
[0m12:07:07.419007 [debug] [MainThread]: SQL status: COMMIT in 0.000 seconds
[0m12:07:07.419869 [debug] [MainThread]: On master: Close
[0m12:07:07.420905 [debug] [MainThread]: Connection 'master' was properly closed.
[0m12:07:07.421798 [debug] [MainThread]: Connection 'model.instacart_pipeline.stg_orders' was properly closed.
[0m12:07:07.422691 [info ] [MainThread]: 
[0m12:07:07.424134 [info ] [MainThread]: Finished running 1 view model in 0 hours 0 minutes and 0.32 seconds (0.32s).
[0m12:07:07.426001 [debug] [MainThread]: Command end result
[0m12:07:07.483665 [info ] [MainThread]: 
[0m12:07:07.485102 [info ] [MainThread]: [31mCompleted with 1 error and 0 warnings:[0m
[0m12:07:07.486499 [info ] [MainThread]: 
[0m12:07:07.487789 [error] [MainThread]:   Database Error in model stg_orders (models/staging/stg_orders.sql)
  relation "raw.orders" does not exist
  LINE 15: from "instacart"."raw"."orders"
                ^
  compiled code at target/run/instacart_pipeline/models/staging/stg_orders.sql
[0m12:07:07.488959 [info ] [MainThread]: 
[0m12:07:07.490366 [info ] [MainThread]: Done. PASS=0 WARN=0 ERROR=1 SKIP=0 TOTAL=1
[0m12:07:07.493522 [debug] [MainThread]: Resource report: {"command_name": "run", "command_wall_clock_time": 2.6138535, "process_user_time": 2.578087, "process_kernel_time": 1.473192, "process_mem_max_rss": "121060", "process_in_blocks": "75664", "command_success": false, "process_out_blocks": "0"}
[0m12:07:07.495116 [debug] [MainThread]: Command `dbt run` failed at 12:07:07.494976 after 2.62 seconds
[0m12:07:07.496336 [debug] [MainThread]: Sending event: {'category': 'dbt', 'action': 'invocation', 'label': 'end', 'context': [<snowplow_tracker.self_describing_json.SelfDescribingJson object at 0x732fa1240ce0>, <snowplow_tracker.self_describing_json.SelfDescribingJson object at 0x732fa2d1ec60>, <snowplow_tracker.self_describing_json.SelfDescribingJson object at 0x732fa1305040>]}
[0m12:07:07.497318 [debug] [MainThread]: Flushing usage events
[0m12:36:51.642666 [debug] [MainThread]: Sending event: {'category': 'dbt', 'action': 'invocation', 'label': 'start', 'context': [<snowplow_tracker.self_describing_json.SelfDescribingJson object at 0x7c542e4266f0>, <snowplow_tracker.self_describing_json.SelfDescribingJson object at 0x7c542ea916a0>, <snowplow_tracker.self_describing_json.SelfDescribingJson object at 0x7c542e420c20>]}


============================== 12:36:51.650384 | 6514ba3f-6377-4372-88f2-8f0702217137 ==============================
[0m12:36:51.650384 [info ] [MainThread]: Running with dbt=1.8.2
[0m12:36:51.652021 [debug] [MainThread]: running dbt with arguments {'printer_width': '80', 'indirect_selection': 'eager', 'write_json': 'True', 'log_cache_events': 'False', 'partial_parse': 'True', 'cache_selected_only': 'False', 'profiles_dir': '/opt/airflow/dbt', 'fail_fast': 'False', 'version_check': 'True', 'log_path': '/opt/airflow/dbt/logs', 'debug': 'False', 'warn_error': 'None', 'use_colors': 'True', 'use_experimental_parser': 'False', 'no_print': 'None', 'quiet': 'False', 'log_format': 'default', 'introspect': 'True', 'static_parser': 'True', 'warn_error_options': 'WarnErrorOptions(include=[], exclude=[])', 'target_path': 'None', 'invocation_command': 'dbt deps', 'send_anonymous_usage_stats': 'True'}
[0m12:36:51.887766 [debug] [MainThread]: Sending event: {'category': 'dbt', 'action': 'project_id', 'label': '6514ba3f-6377-4372-88f2-8f0702217137', 'context': [<snowplow_tracker.self_describing_json.SelfDescribingJson object at 0x7c542e0892e0>]}
[0m12:36:52.358735 [debug] [MainThread]: Set downloads directory='/tmp/dbt-downloads-b_f_2spl'
[0m12:36:52.359883 [debug] [MainThread]: Making package index registry request: GET https://hub.getdbt.com/api/v1/index.json
[0m12:36:53.145460 [debug] [MainThread]: Response from registry index: GET https://hub.getdbt.com/api/v1/index.json 200
[0m12:36:53.148046 [debug] [MainThread]: Making package registry request: GET https://hub.getdbt.com/api/v1/dbt-labs/dbt_utils.json
[0m12:36:53.469184 [debug] [MainThread]: Response from registry: GET https://hub.getdbt.com/api/v1/dbt-labs/dbt_utils.json 200
[0m12:36:53.474907 [info ] [MainThread]: Installing dbt-labs/dbt_utils
[0m12:36:58.147998 [info ] [MainThread]: Installed from version 1.4.1
[0m12:36:58.149270 [info ] [MainThread]: Up to date!
[0m12:36:58.150548 [debug] [MainThread]: Sending event: {'category': 'dbt', 'action': 'package', 'label': '6514ba3f-6377-4372-88f2-8f0702217137', 'property_': 'install', 'context': [<snowplow_tracker.self_describing_json.SelfDescribingJson object at 0x7c542dfef650>, <snowplow_tracker.self_describing_json.SelfDescribingJson object at 0x7c542dfef200>]}
[0m12:36:58.152719 [debug] [MainThread]: Resource report: {"command_name": "deps", "command_success": true, "command_wall_clock_time": 6.5721126, "process_user_time": 2.040801, "process_kernel_time": 1.01429, "process_mem_max_rss": "101964", "process_in_blocks": "82768", "process_out_blocks": "176"}
[0m12:36:58.154146 [debug] [MainThread]: Command `dbt deps` succeeded at 12:36:58.154008 after 6.57 seconds
[0m12:36:58.155185 [debug] [MainThread]: Sending event: {'category': 'dbt', 'action': 'invocation', 'label': 'end', 'context': [<snowplow_tracker.self_describing_json.SelfDescribingJson object at 0x7c542e3de720>, <snowplow_tracker.self_describing_json.SelfDescribingJson object at 0x7c54322c3050>, <snowplow_tracker.self_describing_json.SelfDescribingJson object at 0x7c54322c3020>]}
[0m12:36:58.156234 [debug] [MainThread]: Flushing usage events
[0m12:40:22.082362 [debug] [MainThread]: Sending event: {'category': 'dbt', 'action': 'invocation', 'label': 'start', 'context': [<snowplow_tracker.self_describing_json.SelfDescribingJson object at 0x7a9f4ae010a0>, <snowplow_tracker.self_describing_json.SelfDescribingJson object at 0x7a9f4a9d7800>, <snowplow_tracker.self_describing_json.SelfDescribingJson object at 0x7a9f4d04e870>]}


============================== 12:40:22.089252 | 85d280e2-f663-46d9-a021-a6fc68a8da86 ==============================
[0m12:40:22.089252 [info ] [MainThread]: Running with dbt=1.8.2
[0m12:40:22.090705 [debug] [MainThread]: running dbt with arguments {'printer_width': '80', 'indirect_selection': 'eager', 'write_json': 'True', 'log_cache_events': 'False', 'partial_parse': 'True', 'cache_selected_only': 'False', 'warn_error': 'None', 'fail_fast': 'False', 'version_check': 'True', 'log_path': '/opt/airflow/dbt/logs', 'profiles_dir': '/opt/airflow/dbt', 'debug': 'False', 'use_colors': 'True', 'use_experimental_parser': 'False', 'no_print': 'None', 'quiet': 'False', 'log_format': 'default', 'invocation_command': 'dbt run --select stg_orders', 'warn_error_options': 'WarnErrorOptions(include=[], exclude=[])', 'static_parser': 'True', 'target_path': 'None', 'introspect': 'True', 'send_anonymous_usage_stats': 'True'}
[0m12:40:22.421193 [debug] [MainThread]: Sending event: {'category': 'dbt', 'action': 'project_id', 'label': '85d280e2-f663-46d9-a021-a6fc68a8da86', 'context': [<snowplow_tracker.self_describing_json.SelfDescribingJson object at 0x7a9f4a17fec0>]}
[0m12:40:22.476144 [debug] [MainThread]: Sending event: {'category': 'dbt', 'action': 'adapter_info', 'label': '85d280e2-f663-46d9-a021-a6fc68a8da86', 'context': [<snowplow_tracker.self_describing_json.SelfDescribingJson object at 0x7a9f4a16f0b0>]}
[0m12:40:22.478584 [info ] [MainThread]: Registered adapter: postgres=1.8.2
[0m12:40:22.613627 [debug] [MainThread]: checksum: f0a141b9de567cb7f131613ba2682f40b3a1c6a157f81c6e5435862eff68f109, vars: {}, profile: , target: , version: 1.8.2
[0m12:40:23.853264 [debug] [MainThread]: Partial parsing enabled: 0 files deleted, 0 files added, 0 files changed.
[0m12:40:23.854496 [debug] [MainThread]: Partial parsing enabled, no changes found, skipping parsing
[0m12:40:23.860778 [warn ] [MainThread]: [[33mWARNING[0m]: Configuration paths exist in your dbt_project.yml file which do not apply to any resources.
There are 2 unused configuration paths:
- models.instacart_pipeline.marts
- models.instacart_pipeline.intermediate
[0m12:40:23.902024 [debug] [MainThread]: Sending event: {'category': 'dbt', 'action': 'load_project', 'label': '85d280e2-f663-46d9-a021-a6fc68a8da86', 'context': [<snowplow_tracker.self_describing_json.SelfDescribingJson object at 0x7a9f499a7f80>]}
[0m12:40:24.058673 [debug] [MainThread]: Sending event: {'category': 'dbt', 'action': 'resource_counts', 'label': '85d280e2-f663-46d9-a021-a6fc68a8da86', 'context': [<snowplow_tracker.self_describing_json.SelfDescribingJson object at 0x7a9f489b55e0>]}
[0m12:40:24.060252 [info ] [MainThread]: Found 1 model, 7 data tests, 6 sources, 544 macros
[0m12:40:24.061660 [debug] [MainThread]: Sending event: {'category': 'dbt', 'action': 'runnable_timing', 'label': '85d280e2-f663-46d9-a021-a6fc68a8da86', 'context': [<snowplow_tracker.self_describing_json.SelfDescribingJson object at 0x7a9f4899eed0>]}
[0m12:40:24.064901 [info ] [MainThread]: 
[0m12:40:24.066994 [debug] [MainThread]: Acquiring new postgres connection 'master'
[0m12:40:24.069641 [debug] [ThreadPool]: Acquiring new postgres connection 'list_instacart'
[0m12:40:24.158903 [debug] [ThreadPool]: Using postgres connection "list_instacart"
[0m12:40:24.160556 [debug] [ThreadPool]: On list_instacart: /* {"app": "dbt", "dbt_version": "1.8.2", "profile_name": "instacart_pipeline", "target_name": "dev", "connection_name": "list_instacart"} */

    select distinct nspname from pg_namespace
  
[0m12:40:24.161994 [debug] [ThreadPool]: Opening a new connection, currently in state init
[0m12:40:24.180209 [debug] [ThreadPool]: SQL status: SELECT 6 in 0.018 seconds
[0m12:40:24.183890 [debug] [ThreadPool]: On list_instacart: Close
[0m12:40:24.187652 [debug] [ThreadPool]: Re-using an available connection from the pool (formerly list_instacart, now list_instacart_dbt_dev)
[0m12:40:24.195410 [debug] [ThreadPool]: Using postgres connection "list_instacart_dbt_dev"
[0m12:40:24.197579 [debug] [ThreadPool]: On list_instacart_dbt_dev: BEGIN
[0m12:40:24.199049 [debug] [ThreadPool]: Opening a new connection, currently in state closed
[0m12:40:24.210472 [debug] [ThreadPool]: SQL status: BEGIN in 0.011 seconds
[0m12:40:24.212610 [debug] [ThreadPool]: Using postgres connection "list_instacart_dbt_dev"
[0m12:40:24.214160 [debug] [ThreadPool]: On list_instacart_dbt_dev: /* {"app": "dbt", "dbt_version": "1.8.2", "profile_name": "instacart_pipeline", "target_name": "dev", "connection_name": "list_instacart_dbt_dev"} */
select
      'instacart' as database,
      tablename as name,
      schemaname as schema,
      'table' as type
    from pg_tables
    where schemaname ilike 'dbt_dev'
    union all
    select
      'instacart' as database,
      viewname as name,
      schemaname as schema,
      'view' as type
    from pg_views
    where schemaname ilike 'dbt_dev'
    union all
    select
      'instacart' as database,
      matviewname as name,
      schemaname as schema,
      'materialized_view' as type
    from pg_matviews
    where schemaname ilike 'dbt_dev'
  
[0m12:40:24.236776 [debug] [ThreadPool]: SQL status: SELECT 0 in 0.021 seconds
[0m12:40:24.239451 [debug] [ThreadPool]: On list_instacart_dbt_dev: ROLLBACK
[0m12:40:24.241482 [debug] [ThreadPool]: On list_instacart_dbt_dev: Close
[0m12:40:24.248291 [debug] [MainThread]: Using postgres connection "master"
[0m12:40:24.250173 [debug] [MainThread]: On master: BEGIN
[0m12:40:24.251497 [debug] [MainThread]: Opening a new connection, currently in state init
[0m12:40:24.261630 [debug] [MainThread]: SQL status: BEGIN in 0.010 seconds
[0m12:40:24.263389 [debug] [MainThread]: Using postgres connection "master"
[0m12:40:24.264922 [debug] [MainThread]: On master: /* {"app": "dbt", "dbt_version": "1.8.2", "profile_name": "instacart_pipeline", "target_name": "dev", "connection_name": "master"} */
with relation as (
        select
            pg_rewrite.ev_class as class,
            pg_rewrite.oid as id
        from pg_rewrite
    ),
    class as (
        select
            oid as id,
            relname as name,
            relnamespace as schema,
            relkind as kind
        from pg_class
    ),
    dependency as (
        select distinct
            pg_depend.objid as id,
            pg_depend.refobjid as ref
        from pg_depend
    ),
    schema as (
        select
            pg_namespace.oid as id,
            pg_namespace.nspname as name
        from pg_namespace
        where nspname != 'information_schema' and nspname not like 'pg\_%'
    ),
    referenced as (
        select
            relation.id AS id,
            referenced_class.name ,
            referenced_class.schema ,
            referenced_class.kind
        from relation
        join class as referenced_class on relation.class=referenced_class.id
        where referenced_class.kind in ('r', 'v', 'm')
    ),
    relationships as (
        select
            referenced.name as referenced_name,
            referenced.schema as referenced_schema_id,
            dependent_class.name as dependent_name,
            dependent_class.schema as dependent_schema_id,
            referenced.kind as kind
        from referenced
        join dependency on referenced.id=dependency.id
        join class as dependent_class on dependency.ref=dependent_class.id
        where
            (referenced.name != dependent_class.name or
             referenced.schema != dependent_class.schema)
    )

    select
        referenced_schema.name as referenced_schema,
        relationships.referenced_name as referenced_name,
        dependent_schema.name as dependent_schema,
        relationships.dependent_name as dependent_name
    from relationships
    join schema as dependent_schema on relationships.dependent_schema_id=dependent_schema.id
    join schema as referenced_schema on relationships.referenced_schema_id=referenced_schema.id
    group by referenced_schema, referenced_name, dependent_schema, dependent_name
    order by referenced_schema, referenced_name, dependent_schema, dependent_name;
[0m12:40:24.304886 [debug] [MainThread]: SQL status: SELECT 0 in 0.038 seconds
[0m12:40:24.308225 [debug] [MainThread]: Sending event: {'category': 'dbt', 'action': 'runnable_timing', 'label': '85d280e2-f663-46d9-a021-a6fc68a8da86', 'context': [<snowplow_tracker.self_describing_json.SelfDescribingJson object at 0x7a9f4741a4b0>]}
[0m12:40:24.309953 [debug] [MainThread]: On master: ROLLBACK
[0m12:40:24.311386 [debug] [MainThread]: Using postgres connection "master"
[0m12:40:24.312528 [debug] [MainThread]: On master: BEGIN
[0m12:40:24.313924 [debug] [MainThread]: SQL status: BEGIN in 0.000 seconds
[0m12:40:24.315127 [debug] [MainThread]: On master: COMMIT
[0m12:40:24.316208 [debug] [MainThread]: Using postgres connection "master"
[0m12:40:24.317362 [debug] [MainThread]: On master: COMMIT
[0m12:40:24.318712 [debug] [MainThread]: SQL status: COMMIT in 0.000 seconds
[0m12:40:24.319741 [debug] [MainThread]: On master: Close
[0m12:40:24.321239 [info ] [MainThread]: Concurrency: 4 threads (target='dev')
[0m12:40:24.322948 [info ] [MainThread]: 
[0m12:40:24.338984 [debug] [Thread-1 (]: Began running node model.instacart_pipeline.stg_orders
[0m12:40:24.341295 [info ] [Thread-1 (]: 1 of 1 START sql view model dbt_dev.stg_orders ................................. [RUN]
[0m12:40:24.343326 [debug] [Thread-1 (]: Re-using an available connection from the pool (formerly list_instacart_dbt_dev, now model.instacart_pipeline.stg_orders)
[0m12:40:24.345070 [debug] [Thread-1 (]: Began compiling node model.instacart_pipeline.stg_orders
[0m12:40:24.355688 [debug] [Thread-1 (]: Writing injected SQL for node "model.instacart_pipeline.stg_orders"
[0m12:40:24.376941 [debug] [Thread-1 (]: Began executing node model.instacart_pipeline.stg_orders
[0m12:40:24.433193 [debug] [Thread-1 (]: Writing runtime sql for node "model.instacart_pipeline.stg_orders"
[0m12:40:24.450468 [debug] [Thread-1 (]: Using postgres connection "model.instacart_pipeline.stg_orders"
[0m12:40:24.451875 [debug] [Thread-1 (]: On model.instacart_pipeline.stg_orders: BEGIN
[0m12:40:24.452962 [debug] [Thread-1 (]: Opening a new connection, currently in state closed
[0m12:40:24.461680 [debug] [Thread-1 (]: SQL status: BEGIN in 0.008 seconds
[0m12:40:24.463997 [debug] [Thread-1 (]: Using postgres connection "model.instacart_pipeline.stg_orders"
[0m12:40:24.465751 [debug] [Thread-1 (]: On model.instacart_pipeline.stg_orders: /* {"app": "dbt", "dbt_version": "1.8.2", "profile_name": "instacart_pipeline", "target_name": "dev", "node_id": "model.instacart_pipeline.stg_orders"} */

  create view "instacart"."dbt_dev"."stg_orders__dbt_tmp"
    
    
  as (
    select
    order_id,
    user_id,
    order_number,
    order_dow,
    order_hour_of_day,
    days_since_prior_order,
    eval_set
from "instacart"."raw"."orders"
  );
[0m12:40:24.496727 [debug] [Thread-1 (]: SQL status: CREATE VIEW in 0.030 seconds
[0m12:40:24.507143 [debug] [Thread-1 (]: Using postgres connection "model.instacart_pipeline.stg_orders"
[0m12:40:24.509365 [debug] [Thread-1 (]: On model.instacart_pipeline.stg_orders: /* {"app": "dbt", "dbt_version": "1.8.2", "profile_name": "instacart_pipeline", "target_name": "dev", "node_id": "model.instacart_pipeline.stg_orders"} */
alter table "instacart"."dbt_dev"."stg_orders__dbt_tmp" rename to "stg_orders"
[0m12:40:24.514546 [debug] [Thread-1 (]: SQL status: ALTER TABLE in 0.003 seconds
[0m12:40:24.530480 [debug] [Thread-1 (]: On model.instacart_pipeline.stg_orders: COMMIT
[0m12:40:24.532041 [debug] [Thread-1 (]: Using postgres connection "model.instacart_pipeline.stg_orders"
[0m12:40:24.533248 [debug] [Thread-1 (]: On model.instacart_pipeline.stg_orders: COMMIT
[0m12:40:24.536768 [debug] [Thread-1 (]: SQL status: COMMIT in 0.002 seconds
[0m12:40:24.543980 [debug] [Thread-1 (]: Applying DROP to: "instacart"."dbt_dev"."stg_orders__dbt_backup"
[0m12:40:24.550943 [debug] [Thread-1 (]: Using postgres connection "model.instacart_pipeline.stg_orders"
[0m12:40:24.552505 [debug] [Thread-1 (]: On model.instacart_pipeline.stg_orders: /* {"app": "dbt", "dbt_version": "1.8.2", "profile_name": "instacart_pipeline", "target_name": "dev", "node_id": "model.instacart_pipeline.stg_orders"} */
drop view if exists "instacart"."dbt_dev"."stg_orders__dbt_backup" cascade
[0m12:40:24.556242 [debug] [Thread-1 (]: SQL status: DROP VIEW in 0.002 seconds
[0m12:40:24.559843 [debug] [Thread-1 (]: On model.instacart_pipeline.stg_orders: Close
[0m12:40:24.562209 [debug] [Thread-1 (]: Sending event: {'category': 'dbt', 'action': 'run_model', 'label': '85d280e2-f663-46d9-a021-a6fc68a8da86', 'context': [<snowplow_tracker.self_describing_json.SelfDescribingJson object at 0x7a9f4ae03d10>]}
[0m12:40:24.563986 [info ] [Thread-1 (]: 1 of 1 OK created sql view model dbt_dev.stg_orders ............................ [[32mCREATE VIEW[0m in 0.22s]
[0m12:40:24.566312 [debug] [Thread-1 (]: Finished running node model.instacart_pipeline.stg_orders
[0m12:40:24.569706 [debug] [MainThread]: Using postgres connection "master"
[0m12:40:24.571155 [debug] [MainThread]: On master: BEGIN
[0m12:40:24.572423 [debug] [MainThread]: Opening a new connection, currently in state closed
[0m12:40:24.581617 [debug] [MainThread]: SQL status: BEGIN in 0.009 seconds
[0m12:40:24.583289 [debug] [MainThread]: On master: COMMIT
[0m12:40:24.584458 [debug] [MainThread]: Using postgres connection "master"
[0m12:40:24.585819 [debug] [MainThread]: On master: COMMIT
[0m12:40:24.587440 [debug] [MainThread]: SQL status: COMMIT in 0.000 seconds
[0m12:40:24.588694 [debug] [MainThread]: On master: Close
[0m12:40:24.590017 [debug] [MainThread]: Connection 'master' was properly closed.
[0m12:40:24.591058 [debug] [MainThread]: Connection 'model.instacart_pipeline.stg_orders' was properly closed.
[0m12:40:24.592111 [info ] [MainThread]: 
[0m12:40:24.593327 [info ] [MainThread]: Finished running 1 view model in 0 hours 0 minutes and 0.53 seconds (0.53s).
[0m12:40:24.595165 [debug] [MainThread]: Command end result
[0m12:40:24.668197 [info ] [MainThread]: 
[0m12:40:24.670835 [info ] [MainThread]: [32mCompleted successfully[0m
[0m12:40:24.672893 [info ] [MainThread]: 
[0m12:40:24.674672 [info ] [MainThread]: Done. PASS=1 WARN=0 ERROR=0 SKIP=0 TOTAL=1
[0m12:40:24.677030 [debug] [MainThread]: Resource report: {"command_name": "run", "command_success": true, "command_wall_clock_time": 2.6545753, "process_user_time": 2.523477, "process_kernel_time": 0.710104, "process_mem_max_rss": "120976", "process_in_blocks": "91744", "process_out_blocks": "0"}
[0m12:40:24.678622 [debug] [MainThread]: Command `dbt run` succeeded at 12:40:24.678472 after 2.66 seconds
[0m12:40:24.679883 [debug] [MainThread]: Sending event: {'category': 'dbt', 'action': 'invocation', 'label': 'end', 'context': [<snowplow_tracker.self_describing_json.SelfDescribingJson object at 0x7a9f4ae010a0>, <snowplow_tracker.self_describing_json.SelfDescribingJson object at 0x7a9f48981d30>, <snowplow_tracker.self_describing_json.SelfDescribingJson object at 0x7a9f4a2396a0>]}
[0m12:40:24.681034 [debug] [MainThread]: Flushing usage events
[0m12:40:41.077593 [debug] [MainThread]: Sending event: {'category': 'dbt', 'action': 'invocation', 'label': 'start', 'context': [<snowplow_tracker.self_describing_json.SelfDescribingJson object at 0x777e9e9369f0>, <snowplow_tracker.self_describing_json.SelfDescribingJson object at 0x777e9cfd8ce0>, <snowplow_tracker.self_describing_json.SelfDescribingJson object at 0x777e9ce15c40>]}


============================== 12:40:41.084407 | e3601884-9268-4f0e-b415-bce812d66071 ==============================
[0m12:40:41.084407 [info ] [MainThread]: Running with dbt=1.8.2
[0m12:40:41.085883 [debug] [MainThread]: running dbt with arguments {'printer_width': '80', 'indirect_selection': 'eager', 'log_cache_events': 'False', 'write_json': 'True', 'partial_parse': 'True', 'cache_selected_only': 'False', 'warn_error': 'None', 'debug': 'False', 'fail_fast': 'False', 'log_path': '/opt/airflow/dbt/logs', 'version_check': 'True', 'profiles_dir': '/opt/airflow/dbt', 'use_colors': 'True', 'use_experimental_parser': 'False', 'no_print': 'None', 'quiet': 'False', 'log_format': 'default', 'introspect': 'True', 'invocation_command': 'dbt test --select stg_orders', 'static_parser': 'True', 'target_path': 'None', 'warn_error_options': 'WarnErrorOptions(include=[], exclude=[])', 'send_anonymous_usage_stats': 'True'}
[0m12:40:41.296603 [debug] [MainThread]: Sending event: {'category': 'dbt', 'action': 'project_id', 'label': 'e3601884-9268-4f0e-b415-bce812d66071', 'context': [<snowplow_tracker.self_describing_json.SelfDescribingJson object at 0x777e9cfc8f80>]}
[0m12:40:41.350236 [debug] [MainThread]: Sending event: {'category': 'dbt', 'action': 'adapter_info', 'label': 'e3601884-9268-4f0e-b415-bce812d66071', 'context': [<snowplow_tracker.self_describing_json.SelfDescribingJson object at 0x777e9da6a360>]}
[0m12:40:41.352497 [info ] [MainThread]: Registered adapter: postgres=1.8.2
[0m12:40:41.488211 [debug] [MainThread]: checksum: f0a141b9de567cb7f131613ba2682f40b3a1c6a157f81c6e5435862eff68f109, vars: {}, profile: , target: , version: 1.8.2
[0m12:40:42.697174 [debug] [MainThread]: Partial parsing enabled: 0 files deleted, 0 files added, 0 files changed.
[0m12:40:42.698230 [debug] [MainThread]: Partial parsing enabled, no changes found, skipping parsing
[0m12:40:42.704145 [warn ] [MainThread]: [[33mWARNING[0m]: Configuration paths exist in your dbt_project.yml file which do not apply to any resources.
There are 2 unused configuration paths:
- models.instacart_pipeline.marts
- models.instacart_pipeline.intermediate
[0m12:40:42.745425 [debug] [MainThread]: Sending event: {'category': 'dbt', 'action': 'load_project', 'label': 'e3601884-9268-4f0e-b415-bce812d66071', 'context': [<snowplow_tracker.self_describing_json.SelfDescribingJson object at 0x777e9bf83980>]}
[0m12:40:42.892413 [debug] [MainThread]: Sending event: {'category': 'dbt', 'action': 'resource_counts', 'label': 'e3601884-9268-4f0e-b415-bce812d66071', 'context': [<snowplow_tracker.self_describing_json.SelfDescribingJson object at 0x777e9a3ac2f0>]}
[0m12:40:42.893870 [info ] [MainThread]: Found 1 model, 7 data tests, 6 sources, 544 macros
[0m12:40:42.895763 [debug] [MainThread]: Sending event: {'category': 'dbt', 'action': 'runnable_timing', 'label': 'e3601884-9268-4f0e-b415-bce812d66071', 'context': [<snowplow_tracker.self_describing_json.SelfDescribingJson object at 0x777e9a37c470>]}
[0m12:40:42.899004 [info ] [MainThread]: 
[0m12:40:42.900663 [debug] [MainThread]: Acquiring new postgres connection 'master'
[0m12:40:42.903654 [debug] [ThreadPool]: Acquiring new postgres connection 'list_instacart_dbt_dev'
[0m12:40:42.948330 [debug] [ThreadPool]: Using postgres connection "list_instacart_dbt_dev"
[0m12:40:42.949923 [debug] [ThreadPool]: On list_instacart_dbt_dev: BEGIN
[0m12:40:42.950975 [debug] [ThreadPool]: Opening a new connection, currently in state init
[0m12:40:42.960505 [debug] [ThreadPool]: SQL status: BEGIN in 0.009 seconds
[0m12:40:42.961833 [debug] [ThreadPool]: Using postgres connection "list_instacart_dbt_dev"
[0m12:40:42.962689 [debug] [ThreadPool]: On list_instacart_dbt_dev: /* {"app": "dbt", "dbt_version": "1.8.2", "profile_name": "instacart_pipeline", "target_name": "dev", "connection_name": "list_instacart_dbt_dev"} */
select
      'instacart' as database,
      tablename as name,
      schemaname as schema,
      'table' as type
    from pg_tables
    where schemaname ilike 'dbt_dev'
    union all
    select
      'instacart' as database,
      viewname as name,
      schemaname as schema,
      'view' as type
    from pg_views
    where schemaname ilike 'dbt_dev'
    union all
    select
      'instacart' as database,
      matviewname as name,
      schemaname as schema,
      'materialized_view' as type
    from pg_matviews
    where schemaname ilike 'dbt_dev'
  
[0m12:40:42.967070 [debug] [ThreadPool]: SQL status: SELECT 1 in 0.003 seconds
[0m12:40:42.969204 [debug] [ThreadPool]: On list_instacart_dbt_dev: ROLLBACK
[0m12:40:42.970305 [debug] [ThreadPool]: On list_instacart_dbt_dev: Close
[0m12:40:42.975539 [debug] [MainThread]: Using postgres connection "master"
[0m12:40:42.976564 [debug] [MainThread]: On master: BEGIN
[0m12:40:42.977503 [debug] [MainThread]: Opening a new connection, currently in state init
[0m12:40:42.984375 [debug] [MainThread]: SQL status: BEGIN in 0.007 seconds
[0m12:40:42.985615 [debug] [MainThread]: Using postgres connection "master"
[0m12:40:42.986686 [debug] [MainThread]: On master: /* {"app": "dbt", "dbt_version": "1.8.2", "profile_name": "instacart_pipeline", "target_name": "dev", "connection_name": "master"} */
with relation as (
        select
            pg_rewrite.ev_class as class,
            pg_rewrite.oid as id
        from pg_rewrite
    ),
    class as (
        select
            oid as id,
            relname as name,
            relnamespace as schema,
            relkind as kind
        from pg_class
    ),
    dependency as (
        select distinct
            pg_depend.objid as id,
            pg_depend.refobjid as ref
        from pg_depend
    ),
    schema as (
        select
            pg_namespace.oid as id,
            pg_namespace.nspname as name
        from pg_namespace
        where nspname != 'information_schema' and nspname not like 'pg\_%'
    ),
    referenced as (
        select
            relation.id AS id,
            referenced_class.name ,
            referenced_class.schema ,
            referenced_class.kind
        from relation
        join class as referenced_class on relation.class=referenced_class.id
        where referenced_class.kind in ('r', 'v', 'm')
    ),
    relationships as (
        select
            referenced.name as referenced_name,
            referenced.schema as referenced_schema_id,
            dependent_class.name as dependent_name,
            dependent_class.schema as dependent_schema_id,
            referenced.kind as kind
        from referenced
        join dependency on referenced.id=dependency.id
        join class as dependent_class on dependency.ref=dependent_class.id
        where
            (referenced.name != dependent_class.name or
             referenced.schema != dependent_class.schema)
    )

    select
        referenced_schema.name as referenced_schema,
        relationships.referenced_name as referenced_name,
        dependent_schema.name as dependent_schema,
        relationships.dependent_name as dependent_name
    from relationships
    join schema as dependent_schema on relationships.dependent_schema_id=dependent_schema.id
    join schema as referenced_schema on relationships.referenced_schema_id=referenced_schema.id
    group by referenced_schema, referenced_name, dependent_schema, dependent_name
    order by referenced_schema, referenced_name, dependent_schema, dependent_name;
[0m12:40:43.004503 [debug] [MainThread]: SQL status: SELECT 1 in 0.017 seconds
[0m12:40:43.006966 [debug] [MainThread]: Sending event: {'category': 'dbt', 'action': 'runnable_timing', 'label': 'e3601884-9268-4f0e-b415-bce812d66071', 'context': [<snowplow_tracker.self_describing_json.SelfDescribingJson object at 0x777e9b7ea270>]}
[0m12:40:43.008096 [debug] [MainThread]: On master: ROLLBACK
[0m12:40:43.009323 [debug] [MainThread]: Using postgres connection "master"
[0m12:40:43.010201 [debug] [MainThread]: On master: BEGIN
[0m12:40:43.011393 [debug] [MainThread]: SQL status: BEGIN in 0.000 seconds
[0m12:40:43.012351 [debug] [MainThread]: On master: COMMIT
[0m12:40:43.013367 [debug] [MainThread]: Using postgres connection "master"
[0m12:40:43.014272 [debug] [MainThread]: On master: COMMIT
[0m12:40:43.015396 [debug] [MainThread]: SQL status: COMMIT in 0.000 seconds
[0m12:40:43.016333 [debug] [MainThread]: On master: Close
[0m12:40:43.017441 [info ] [MainThread]: Concurrency: 4 threads (target='dev')
[0m12:40:43.019186 [info ] [MainThread]: 
[0m12:40:43.030534 [debug] [Thread-1 (]: Began running node test.instacart_pipeline.accepted_values_stg_orders_eval_set__prior__train__test.b1d9607c8a
[0m12:40:43.031073 [debug] [Thread-2 (]: Began running node test.instacart_pipeline.not_null_stg_orders_order_dow.8309d11f77
[0m12:40:43.031487 [debug] [Thread-3 (]: Began running node test.instacart_pipeline.not_null_stg_orders_order_hour_of_day.ff99cdf58a
[0m12:40:43.031897 [debug] [Thread-4 (]: Began running node test.instacart_pipeline.not_null_stg_orders_order_id.81cfe2fe64
[0m12:40:43.032756 [info ] [Thread-1 (]: 1 of 7 START test accepted_values_stg_orders_eval_set__prior__train__test ...... [RUN]
[0m12:40:43.034990 [info ] [Thread-2 (]: 2 of 7 START test not_null_stg_orders_order_dow ................................ [RUN]
[0m12:40:43.038156 [info ] [Thread-3 (]: 3 of 7 START test not_null_stg_orders_order_hour_of_day ........................ [RUN]
[0m12:40:43.039569 [info ] [Thread-4 (]: 4 of 7 START test not_null_stg_orders_order_id ................................. [RUN]
[0m12:40:43.040821 [debug] [Thread-1 (]: Re-using an available connection from the pool (formerly list_instacart_dbt_dev, now test.instacart_pipeline.accepted_values_stg_orders_eval_set__prior__train__test.b1d9607c8a)
[0m12:40:43.042141 [debug] [Thread-2 (]: Acquiring new postgres connection 'test.instacart_pipeline.not_null_stg_orders_order_dow.8309d11f77'
[0m12:40:43.043188 [debug] [Thread-3 (]: Acquiring new postgres connection 'test.instacart_pipeline.not_null_stg_orders_order_hour_of_day.ff99cdf58a'
[0m12:40:43.044230 [debug] [Thread-4 (]: Acquiring new postgres connection 'test.instacart_pipeline.not_null_stg_orders_order_id.81cfe2fe64'
[0m12:40:43.045280 [debug] [Thread-1 (]: Began compiling node test.instacart_pipeline.accepted_values_stg_orders_eval_set__prior__train__test.b1d9607c8a
[0m12:40:43.046304 [debug] [Thread-2 (]: Began compiling node test.instacart_pipeline.not_null_stg_orders_order_dow.8309d11f77
[0m12:40:43.047195 [debug] [Thread-3 (]: Began compiling node test.instacart_pipeline.not_null_stg_orders_order_hour_of_day.ff99cdf58a
[0m12:40:43.048194 [debug] [Thread-4 (]: Began compiling node test.instacart_pipeline.not_null_stg_orders_order_id.81cfe2fe64
[0m12:40:43.064547 [debug] [Thread-1 (]: Writing injected SQL for node "test.instacart_pipeline.accepted_values_stg_orders_eval_set__prior__train__test.b1d9607c8a"
[0m12:40:43.073835 [debug] [Thread-2 (]: Writing injected SQL for node "test.instacart_pipeline.not_null_stg_orders_order_dow.8309d11f77"
[0m12:40:43.077816 [debug] [Thread-3 (]: Writing injected SQL for node "test.instacart_pipeline.not_null_stg_orders_order_hour_of_day.ff99cdf58a"
[0m12:40:43.082244 [debug] [Thread-4 (]: Writing injected SQL for node "test.instacart_pipeline.not_null_stg_orders_order_id.81cfe2fe64"
[0m12:40:43.091887 [debug] [Thread-3 (]: Began executing node test.instacart_pipeline.not_null_stg_orders_order_hour_of_day.ff99cdf58a
[0m12:40:43.099167 [debug] [Thread-1 (]: Began executing node test.instacart_pipeline.accepted_values_stg_orders_eval_set__prior__train__test.b1d9607c8a
[0m12:40:43.115450 [debug] [Thread-3 (]: Writing runtime sql for node "test.instacart_pipeline.not_null_stg_orders_order_hour_of_day.ff99cdf58a"
[0m12:40:43.120763 [debug] [Thread-1 (]: Writing runtime sql for node "test.instacart_pipeline.accepted_values_stg_orders_eval_set__prior__train__test.b1d9607c8a"
[0m12:40:43.121878 [debug] [Thread-4 (]: Began executing node test.instacart_pipeline.not_null_stg_orders_order_id.81cfe2fe64
[0m12:40:43.122540 [debug] [Thread-2 (]: Began executing node test.instacart_pipeline.not_null_stg_orders_order_dow.8309d11f77
[0m12:40:43.128555 [debug] [Thread-4 (]: Writing runtime sql for node "test.instacart_pipeline.not_null_stg_orders_order_id.81cfe2fe64"
[0m12:40:43.133715 [debug] [Thread-2 (]: Writing runtime sql for node "test.instacart_pipeline.not_null_stg_orders_order_dow.8309d11f77"
[0m12:40:43.145881 [debug] [Thread-1 (]: Using postgres connection "test.instacart_pipeline.accepted_values_stg_orders_eval_set__prior__train__test.b1d9607c8a"
[0m12:40:43.148051 [debug] [Thread-1 (]: On test.instacart_pipeline.accepted_values_stg_orders_eval_set__prior__train__test.b1d9607c8a: BEGIN
[0m12:40:43.149257 [debug] [Thread-3 (]: Using postgres connection "test.instacart_pipeline.not_null_stg_orders_order_hour_of_day.ff99cdf58a"
[0m12:40:43.151820 [debug] [Thread-1 (]: Opening a new connection, currently in state closed
[0m12:40:43.154561 [debug] [Thread-2 (]: Using postgres connection "test.instacart_pipeline.not_null_stg_orders_order_dow.8309d11f77"
[0m12:40:43.155683 [debug] [Thread-3 (]: On test.instacart_pipeline.not_null_stg_orders_order_hour_of_day.ff99cdf58a: BEGIN
[0m12:40:43.159076 [debug] [Thread-4 (]: Using postgres connection "test.instacart_pipeline.not_null_stg_orders_order_id.81cfe2fe64"
[0m12:40:43.161130 [debug] [Thread-2 (]: On test.instacart_pipeline.not_null_stg_orders_order_dow.8309d11f77: BEGIN
[0m12:40:43.163758 [debug] [Thread-3 (]: Opening a new connection, currently in state init
[0m12:40:43.166760 [debug] [Thread-4 (]: On test.instacart_pipeline.not_null_stg_orders_order_id.81cfe2fe64: BEGIN
[0m12:40:43.169324 [debug] [Thread-2 (]: Opening a new connection, currently in state init
[0m12:40:43.171013 [debug] [Thread-1 (]: SQL status: BEGIN in 0.019 seconds
[0m12:40:43.173465 [debug] [Thread-4 (]: Opening a new connection, currently in state init
[0m12:40:43.179107 [debug] [Thread-1 (]: Using postgres connection "test.instacart_pipeline.accepted_values_stg_orders_eval_set__prior__train__test.b1d9607c8a"
[0m12:40:43.183642 [debug] [Thread-3 (]: SQL status: BEGIN in 0.020 seconds
[0m12:40:43.186442 [debug] [Thread-1 (]: On test.instacart_pipeline.accepted_values_stg_orders_eval_set__prior__train__test.b1d9607c8a: /* {"app": "dbt", "dbt_version": "1.8.2", "profile_name": "instacart_pipeline", "target_name": "dev", "node_id": "test.instacart_pipeline.accepted_values_stg_orders_eval_set__prior__train__test.b1d9607c8a"} */
select
      count(*) as failures,
      count(*) != 0 as should_warn,
      count(*) != 0 as should_error
    from (
      
    
    

with all_values as (

    select
        eval_set as value_field,
        count(*) as n_records

    from "instacart"."dbt_dev"."stg_orders"
    group by eval_set

)

select *
from all_values
where value_field not in (
    'prior','train','test'
)



      
    ) dbt_internal_test
[0m12:40:43.188289 [debug] [Thread-3 (]: Using postgres connection "test.instacart_pipeline.not_null_stg_orders_order_hour_of_day.ff99cdf58a"
[0m12:40:43.189788 [debug] [Thread-2 (]: SQL status: BEGIN in 0.021 seconds
[0m12:40:43.191115 [debug] [Thread-3 (]: On test.instacart_pipeline.not_null_stg_orders_order_hour_of_day.ff99cdf58a: /* {"app": "dbt", "dbt_version": "1.8.2", "profile_name": "instacart_pipeline", "target_name": "dev", "node_id": "test.instacart_pipeline.not_null_stg_orders_order_hour_of_day.ff99cdf58a"} */
select
      count(*) as failures,
      count(*) != 0 as should_warn,
      count(*) != 0 as should_error
    from (
      
    
    



select order_hour_of_day
from "instacart"."dbt_dev"."stg_orders"
where order_hour_of_day is null



      
    ) dbt_internal_test
[0m12:40:43.193198 [debug] [Thread-2 (]: Using postgres connection "test.instacart_pipeline.not_null_stg_orders_order_dow.8309d11f77"
[0m12:40:43.195448 [debug] [Thread-4 (]: SQL status: BEGIN in 0.022 seconds
[0m12:40:43.199425 [debug] [Thread-2 (]: On test.instacart_pipeline.not_null_stg_orders_order_dow.8309d11f77: /* {"app": "dbt", "dbt_version": "1.8.2", "profile_name": "instacart_pipeline", "target_name": "dev", "node_id": "test.instacart_pipeline.not_null_stg_orders_order_dow.8309d11f77"} */
select
      count(*) as failures,
      count(*) != 0 as should_warn,
      count(*) != 0 as should_error
    from (
      
    
    



select order_dow
from "instacart"."dbt_dev"."stg_orders"
where order_dow is null



      
    ) dbt_internal_test
[0m12:40:43.205629 [debug] [Thread-4 (]: Using postgres connection "test.instacart_pipeline.not_null_stg_orders_order_id.81cfe2fe64"
[0m12:40:43.208796 [debug] [Thread-4 (]: On test.instacart_pipeline.not_null_stg_orders_order_id.81cfe2fe64: /* {"app": "dbt", "dbt_version": "1.8.2", "profile_name": "instacart_pipeline", "target_name": "dev", "node_id": "test.instacart_pipeline.not_null_stg_orders_order_id.81cfe2fe64"} */
select
      count(*) as failures,
      count(*) != 0 as should_warn,
      count(*) != 0 as should_error
    from (
      
    
    



select order_id
from "instacart"."dbt_dev"."stg_orders"
where order_id is null



      
    ) dbt_internal_test
[0m12:40:44.114042 [debug] [Thread-3 (]: SQL status: SELECT 1 in 0.919 seconds
[0m12:40:44.114797 [debug] [Thread-1 (]: SQL status: SELECT 1 in 0.924 seconds
[0m12:40:44.115417 [debug] [Thread-4 (]: SQL status: SELECT 1 in 0.905 seconds
[0m12:40:44.115849 [debug] [Thread-2 (]: SQL status: SELECT 1 in 0.908 seconds
[0m12:40:44.122459 [debug] [Thread-3 (]: On test.instacart_pipeline.not_null_stg_orders_order_hour_of_day.ff99cdf58a: ROLLBACK
[0m12:40:44.128016 [debug] [Thread-1 (]: On test.instacart_pipeline.accepted_values_stg_orders_eval_set__prior__train__test.b1d9607c8a: ROLLBACK
[0m12:40:44.133948 [debug] [Thread-4 (]: On test.instacart_pipeline.not_null_stg_orders_order_id.81cfe2fe64: ROLLBACK
[0m12:40:44.137686 [debug] [Thread-2 (]: On test.instacart_pipeline.not_null_stg_orders_order_dow.8309d11f77: ROLLBACK
[0m12:40:44.140895 [debug] [Thread-3 (]: On test.instacart_pipeline.not_null_stg_orders_order_hour_of_day.ff99cdf58a: Close
[0m12:40:44.144308 [debug] [Thread-1 (]: On test.instacart_pipeline.accepted_values_stg_orders_eval_set__prior__train__test.b1d9607c8a: Close
[0m12:40:44.146852 [debug] [Thread-4 (]: On test.instacart_pipeline.not_null_stg_orders_order_id.81cfe2fe64: Close
[0m12:40:44.148426 [debug] [Thread-2 (]: On test.instacart_pipeline.not_null_stg_orders_order_dow.8309d11f77: Close
[0m12:40:44.150212 [info ] [Thread-3 (]: 3 of 7 PASS not_null_stg_orders_order_hour_of_day .............................. [[32mPASS[0m in 1.11s]
[0m12:40:44.152124 [info ] [Thread-1 (]: 1 of 7 PASS accepted_values_stg_orders_eval_set__prior__train__test ............ [[32mPASS[0m in 1.11s]
[0m12:40:44.154595 [info ] [Thread-4 (]: 4 of 7 PASS not_null_stg_orders_order_id ....................................... [[32mPASS[0m in 1.11s]
[0m12:40:44.157298 [info ] [Thread-2 (]: 2 of 7 PASS not_null_stg_orders_order_dow ...................................... [[32mPASS[0m in 1.11s]
[0m12:40:44.159866 [debug] [Thread-3 (]: Finished running node test.instacart_pipeline.not_null_stg_orders_order_hour_of_day.ff99cdf58a
[0m12:40:44.162001 [debug] [Thread-1 (]: Finished running node test.instacart_pipeline.accepted_values_stg_orders_eval_set__prior__train__test.b1d9607c8a
[0m12:40:44.163729 [debug] [Thread-4 (]: Finished running node test.instacart_pipeline.not_null_stg_orders_order_id.81cfe2fe64
[0m12:40:44.165229 [debug] [Thread-2 (]: Finished running node test.instacart_pipeline.not_null_stg_orders_order_dow.8309d11f77
[0m12:40:44.166974 [debug] [Thread-3 (]: Began running node test.instacart_pipeline.not_null_stg_orders_order_number.e3102fc8d0
[0m12:40:44.168212 [debug] [Thread-1 (]: Began running node test.instacart_pipeline.not_null_stg_orders_user_id.7d129d0209
[0m12:40:44.169544 [debug] [Thread-4 (]: Began running node test.instacart_pipeline.unique_stg_orders_order_id.e3b841c71a
[0m12:40:44.171427 [info ] [Thread-3 (]: 5 of 7 START test not_null_stg_orders_order_number ............................. [RUN]
[0m12:40:44.172698 [info ] [Thread-1 (]: 6 of 7 START test not_null_stg_orders_user_id .................................. [RUN]
[0m12:40:44.174661 [info ] [Thread-4 (]: 7 of 7 START test unique_stg_orders_order_id ................................... [RUN]
[0m12:40:44.176591 [debug] [Thread-3 (]: Re-using an available connection from the pool (formerly test.instacart_pipeline.not_null_stg_orders_order_hour_of_day.ff99cdf58a, now test.instacart_pipeline.not_null_stg_orders_order_number.e3102fc8d0)
[0m12:40:44.178434 [debug] [Thread-1 (]: Re-using an available connection from the pool (formerly test.instacart_pipeline.accepted_values_stg_orders_eval_set__prior__train__test.b1d9607c8a, now test.instacart_pipeline.not_null_stg_orders_user_id.7d129d0209)
[0m12:40:44.179836 [debug] [Thread-4 (]: Re-using an available connection from the pool (formerly test.instacart_pipeline.not_null_stg_orders_order_id.81cfe2fe64, now test.instacart_pipeline.unique_stg_orders_order_id.e3b841c71a)
[0m12:40:44.181068 [debug] [Thread-3 (]: Began compiling node test.instacart_pipeline.not_null_stg_orders_order_number.e3102fc8d0
[0m12:40:44.182218 [debug] [Thread-1 (]: Began compiling node test.instacart_pipeline.not_null_stg_orders_user_id.7d129d0209
[0m12:40:44.183261 [debug] [Thread-4 (]: Began compiling node test.instacart_pipeline.unique_stg_orders_order_id.e3b841c71a
[0m12:40:44.187996 [debug] [Thread-3 (]: Writing injected SQL for node "test.instacart_pipeline.not_null_stg_orders_order_number.e3102fc8d0"
[0m12:40:44.197598 [debug] [Thread-1 (]: Writing injected SQL for node "test.instacart_pipeline.not_null_stg_orders_user_id.7d129d0209"
[0m12:40:44.204159 [debug] [Thread-4 (]: Writing injected SQL for node "test.instacart_pipeline.unique_stg_orders_order_id.e3b841c71a"
[0m12:40:44.212140 [debug] [Thread-3 (]: Began executing node test.instacart_pipeline.not_null_stg_orders_order_number.e3102fc8d0
[0m12:40:44.217451 [debug] [Thread-3 (]: Writing runtime sql for node "test.instacart_pipeline.not_null_stg_orders_order_number.e3102fc8d0"
[0m12:40:44.218130 [debug] [Thread-4 (]: Began executing node test.instacart_pipeline.unique_stg_orders_order_id.e3b841c71a
[0m12:40:44.223108 [debug] [Thread-4 (]: Writing runtime sql for node "test.instacart_pipeline.unique_stg_orders_order_id.e3b841c71a"
[0m12:40:44.224294 [debug] [Thread-1 (]: Began executing node test.instacart_pipeline.not_null_stg_orders_user_id.7d129d0209
[0m12:40:44.229897 [debug] [Thread-1 (]: Writing runtime sql for node "test.instacart_pipeline.not_null_stg_orders_user_id.7d129d0209"
[0m12:40:44.231597 [debug] [Thread-3 (]: Using postgres connection "test.instacart_pipeline.not_null_stg_orders_order_number.e3102fc8d0"
[0m12:40:44.232914 [debug] [Thread-3 (]: On test.instacart_pipeline.not_null_stg_orders_order_number.e3102fc8d0: BEGIN
[0m12:40:44.234861 [debug] [Thread-3 (]: Opening a new connection, currently in state closed
[0m12:40:44.235553 [debug] [Thread-4 (]: Using postgres connection "test.instacart_pipeline.unique_stg_orders_order_id.e3b841c71a"
[0m12:40:44.237435 [debug] [Thread-1 (]: Using postgres connection "test.instacart_pipeline.not_null_stg_orders_user_id.7d129d0209"
[0m12:40:44.238012 [debug] [Thread-4 (]: On test.instacart_pipeline.unique_stg_orders_order_id.e3b841c71a: BEGIN
[0m12:40:44.239633 [debug] [Thread-1 (]: On test.instacart_pipeline.not_null_stg_orders_user_id.7d129d0209: BEGIN
[0m12:40:44.242143 [debug] [Thread-4 (]: Opening a new connection, currently in state closed
[0m12:40:44.244153 [debug] [Thread-1 (]: Opening a new connection, currently in state closed
[0m12:40:44.246363 [debug] [Thread-3 (]: SQL status: BEGIN in 0.011 seconds
[0m12:40:44.248374 [debug] [Thread-3 (]: Using postgres connection "test.instacart_pipeline.not_null_stg_orders_order_number.e3102fc8d0"
[0m12:40:44.249596 [debug] [Thread-3 (]: On test.instacart_pipeline.not_null_stg_orders_order_number.e3102fc8d0: /* {"app": "dbt", "dbt_version": "1.8.2", "profile_name": "instacart_pipeline", "target_name": "dev", "node_id": "test.instacart_pipeline.not_null_stg_orders_order_number.e3102fc8d0"} */
select
      count(*) as failures,
      count(*) != 0 as should_warn,
      count(*) != 0 as should_error
    from (
      
    
    



select order_number
from "instacart"."dbt_dev"."stg_orders"
where order_number is null



      
    ) dbt_internal_test
[0m12:40:44.252377 [debug] [Thread-4 (]: SQL status: BEGIN in 0.010 seconds
[0m12:40:44.253642 [debug] [Thread-4 (]: Using postgres connection "test.instacart_pipeline.unique_stg_orders_order_id.e3b841c71a"
[0m12:40:44.254102 [debug] [Thread-1 (]: SQL status: BEGIN in 0.010 seconds
[0m12:40:44.255005 [debug] [Thread-4 (]: On test.instacart_pipeline.unique_stg_orders_order_id.e3b841c71a: /* {"app": "dbt", "dbt_version": "1.8.2", "profile_name": "instacart_pipeline", "target_name": "dev", "node_id": "test.instacart_pipeline.unique_stg_orders_order_id.e3b841c71a"} */
select
      count(*) as failures,
      count(*) != 0 as should_warn,
      count(*) != 0 as should_error
    from (
      
    
    

select
    order_id as unique_field,
    count(*) as n_records

from "instacart"."dbt_dev"."stg_orders"
where order_id is not null
group by order_id
having count(*) > 1



      
    ) dbt_internal_test
[0m12:40:44.256176 [debug] [Thread-1 (]: Using postgres connection "test.instacart_pipeline.not_null_stg_orders_user_id.7d129d0209"
[0m12:40:44.259520 [debug] [Thread-1 (]: On test.instacart_pipeline.not_null_stg_orders_user_id.7d129d0209: /* {"app": "dbt", "dbt_version": "1.8.2", "profile_name": "instacart_pipeline", "target_name": "dev", "node_id": "test.instacart_pipeline.not_null_stg_orders_user_id.7d129d0209"} */
select
      count(*) as failures,
      count(*) != 0 as should_warn,
      count(*) != 0 as should_error
    from (
      
    
    



select user_id
from "instacart"."dbt_dev"."stg_orders"
where user_id is null



      
    ) dbt_internal_test
[0m12:40:44.381742 [debug] [Thread-3 (]: SQL status: SELECT 1 in 0.131 seconds
[0m12:40:44.382841 [debug] [Thread-1 (]: SQL status: SELECT 1 in 0.122 seconds
[0m12:40:44.384794 [debug] [Thread-3 (]: On test.instacart_pipeline.not_null_stg_orders_order_number.e3102fc8d0: ROLLBACK
[0m12:40:44.387458 [debug] [Thread-1 (]: On test.instacart_pipeline.not_null_stg_orders_user_id.7d129d0209: ROLLBACK
[0m12:40:44.389144 [debug] [Thread-3 (]: On test.instacart_pipeline.not_null_stg_orders_order_number.e3102fc8d0: Close
[0m12:40:44.389909 [debug] [Thread-1 (]: On test.instacart_pipeline.not_null_stg_orders_user_id.7d129d0209: Close
[0m12:40:44.391422 [info ] [Thread-3 (]: 5 of 7 PASS not_null_stg_orders_order_number ................................... [[32mPASS[0m in 0.21s]
[0m12:40:44.393362 [info ] [Thread-1 (]: 6 of 7 PASS not_null_stg_orders_user_id ........................................ [[32mPASS[0m in 0.21s]
[0m12:40:44.395320 [debug] [Thread-3 (]: Finished running node test.instacart_pipeline.not_null_stg_orders_order_number.e3102fc8d0
[0m12:40:44.397190 [debug] [Thread-1 (]: Finished running node test.instacart_pipeline.not_null_stg_orders_user_id.7d129d0209
[0m12:40:48.844478 [debug] [Thread-4 (]: SQL status: SELECT 1 in 4.586 seconds
[0m12:40:48.849576 [debug] [Thread-4 (]: On test.instacart_pipeline.unique_stg_orders_order_id.e3b841c71a: ROLLBACK
[0m12:40:48.852754 [debug] [Thread-4 (]: On test.instacart_pipeline.unique_stg_orders_order_id.e3b841c71a: Close
[0m12:40:48.854993 [info ] [Thread-4 (]: 7 of 7 PASS unique_stg_orders_order_id ......................................... [[32mPASS[0m in 4.68s]
[0m12:40:48.861130 [debug] [Thread-4 (]: Finished running node test.instacart_pipeline.unique_stg_orders_order_id.e3b841c71a
[0m12:40:48.866863 [debug] [MainThread]: Using postgres connection "master"
[0m12:40:48.869388 [debug] [MainThread]: On master: BEGIN
[0m12:40:48.871242 [debug] [MainThread]: Opening a new connection, currently in state closed
[0m12:40:48.882026 [debug] [MainThread]: SQL status: BEGIN in 0.011 seconds
[0m12:40:48.884100 [debug] [MainThread]: On master: COMMIT
[0m12:40:48.885311 [debug] [MainThread]: Using postgres connection "master"
[0m12:40:48.886449 [debug] [MainThread]: On master: COMMIT
[0m12:40:48.888028 [debug] [MainThread]: SQL status: COMMIT in 0.000 seconds
[0m12:40:48.889198 [debug] [MainThread]: On master: Close
[0m12:40:48.890718 [debug] [MainThread]: Connection 'master' was properly closed.
[0m12:40:48.892687 [debug] [MainThread]: Connection 'test.instacart_pipeline.not_null_stg_orders_user_id.7d129d0209' was properly closed.
[0m12:40:48.894241 [debug] [MainThread]: Connection 'test.instacart_pipeline.not_null_stg_orders_order_dow.8309d11f77' was properly closed.
[0m12:40:48.895925 [debug] [MainThread]: Connection 'test.instacart_pipeline.not_null_stg_orders_order_number.e3102fc8d0' was properly closed.
[0m12:40:48.897977 [debug] [MainThread]: Connection 'test.instacart_pipeline.unique_stg_orders_order_id.e3b841c71a' was properly closed.
[0m12:40:48.900091 [info ] [MainThread]: 
[0m12:40:48.901638 [info ] [MainThread]: Finished running 7 data tests in 0 hours 0 minutes and 6.00 seconds (6.00s).
[0m12:40:48.905204 [debug] [MainThread]: Command end result
[0m12:40:48.991540 [info ] [MainThread]: 
[0m12:40:48.994665 [info ] [MainThread]: [32mCompleted successfully[0m
[0m12:40:48.997484 [info ] [MainThread]: 
[0m12:40:49.000777 [info ] [MainThread]: Done. PASS=7 WARN=0 ERROR=0 SKIP=0 TOTAL=7
[0m12:40:49.004770 [debug] [MainThread]: Resource report: {"command_name": "test", "command_success": true, "command_wall_clock_time": 7.99061, "process_user_time": 2.621, "process_kernel_time": 0.569248, "process_mem_max_rss": "123208", "process_in_blocks": "1120", "process_out_blocks": "0"}
[0m12:40:49.007676 [debug] [MainThread]: Command `dbt test` succeeded at 12:40:49.007338 after 7.99 seconds
[0m12:40:49.013222 [debug] [MainThread]: Sending event: {'category': 'dbt', 'action': 'invocation', 'label': 'end', 'context': [<snowplow_tracker.self_describing_json.SelfDescribingJson object at 0x777e9cc43110>, <snowplow_tracker.self_describing_json.SelfDescribingJson object at 0x777e9bfac7d0>, <snowplow_tracker.self_describing_json.SelfDescribingJson object at 0x777e9a7b45c0>]}
[0m12:40:49.015357 [debug] [MainThread]: Flushing usage events
[0m12:56:54.085515 [debug] [MainThread]: Sending event: {'category': 'dbt', 'action': 'invocation', 'label': 'start', 'context': [<snowplow_tracker.self_describing_json.SelfDescribingJson object at 0x746829eb3620>, <snowplow_tracker.self_describing_json.SelfDescribingJson object at 0x746829eb2480>, <snowplow_tracker.self_describing_json.SelfDescribingJson object at 0x746829eb3830>]}


============================== 12:56:54.096710 | 8277a080-a992-4583-babc-a12038e242ab ==============================
[0m12:56:54.096710 [info ] [MainThread]: Running with dbt=1.8.2
[0m12:56:54.098243 [debug] [MainThread]: running dbt with arguments {'printer_width': '80', 'indirect_selection': 'eager', 'write_json': 'True', 'log_cache_events': 'False', 'partial_parse': 'True', 'cache_selected_only': 'False', 'profiles_dir': '/opt/airflow/dbt', 'debug': 'False', 'warn_error': 'None', 'log_path': '/opt/airflow/dbt/logs', 'fail_fast': 'False', 'version_check': 'True', 'use_colors': 'True', 'use_experimental_parser': 'False', 'no_print': 'None', 'quiet': 'False', 'log_format': 'default', 'static_parser': 'True', 'introspect': 'True', 'invocation_command': 'dbt run --select staging.*', 'target_path': 'None', 'warn_error_options': 'WarnErrorOptions(include=[], exclude=[])', 'send_anonymous_usage_stats': 'True'}
[0m12:56:54.460429 [debug] [MainThread]: Sending event: {'category': 'dbt', 'action': 'project_id', 'label': '8277a080-a992-4583-babc-a12038e242ab', 'context': [<snowplow_tracker.self_describing_json.SelfDescribingJson object at 0x7468292cffe0>]}
[0m12:56:54.412275 [debug] [MainThread]: Sending event: {'category': 'dbt', 'action': 'adapter_info', 'label': '8277a080-a992-4583-babc-a12038e242ab', 'context': [<snowplow_tracker.self_describing_json.SelfDescribingJson object at 0x74682a21c200>]}
[0m12:56:54.414427 [info ] [MainThread]: Registered adapter: postgres=1.8.2
[0m12:56:54.573056 [debug] [MainThread]: checksum: f0a141b9de567cb7f131613ba2682f40b3a1c6a157f81c6e5435862eff68f109, vars: {}, profile: , target: , version: 1.8.2
[0m12:56:55.980275 [debug] [MainThread]: Partial parsing enabled: 0 files deleted, 6 files added, 0 files changed.
[0m12:56:55.982268 [debug] [MainThread]: Partial parsing: added file: instacart_pipeline://models/staging/stg_order_products_prior.sql
[0m12:56:55.983880 [debug] [MainThread]: Partial parsing: added file: instacart_pipeline://models/staging/stg_remaining_schema.yml
[0m12:56:55.985885 [debug] [MainThread]: Partial parsing: added file: instacart_pipeline://models/staging/stg_aisles.sql
[0m12:56:55.987522 [debug] [MainThread]: Partial parsing: added file: instacart_pipeline://models/staging/stg_departments.sql
[0m12:56:55.988529 [debug] [MainThread]: Partial parsing: added file: instacart_pipeline://models/staging/stg_order_products_train.sql
[0m12:56:55.989510 [debug] [MainThread]: Partial parsing: added file: instacart_pipeline://models/staging/stg_products.sql
[0m12:56:56.251573 [warn ] [MainThread]: [[33mWARNING[0m]: Deprecated functionality
The `tests` config has been renamed to `data_tests`. Please see
https://docs.getdbt.com/docs/build/data-tests#new-data_tests-syntax for more
information.
[0m12:56:56.253316 [debug] [MainThread]: Sending event: {'category': 'dbt', 'action': 'deprecation', 'label': '8277a080-a992-4583-babc-a12038e242ab', 'property_': 'warn', 'context': [<snowplow_tracker.self_describing_json.SelfDescribingJson object at 0x7468291d01d0>]}
[0m12:56:56.677600 [warn ] [MainThread]: [[33mWARNING[0m]: Configuration paths exist in your dbt_project.yml file which do not apply to any resources.
There are 2 unused configuration paths:
- models.instacart_pipeline.marts
- models.instacart_pipeline.intermediate
[0m12:56:56.694843 [debug] [MainThread]: Sending event: {'category': 'dbt', 'action': 'load_project', 'label': '8277a080-a992-4583-babc-a12038e242ab', 'context': [<snowplow_tracker.self_describing_json.SelfDescribingJson object at 0x746824f7b140>]}
[0m12:56:56.866456 [debug] [MainThread]: Sending event: {'category': 'dbt', 'action': 'resource_counts', 'label': '8277a080-a992-4583-babc-a12038e242ab', 'context': [<snowplow_tracker.self_describing_json.SelfDescribingJson object at 0x746824e37650>]}
[0m12:56:56.868006 [info ] [MainThread]: Found 6 models, 26 data tests, 6 sources, 544 macros
[0m12:56:56.869288 [debug] [MainThread]: Sending event: {'category': 'dbt', 'action': 'runnable_timing', 'label': '8277a080-a992-4583-babc-a12038e242ab', 'context': [<snowplow_tracker.self_describing_json.SelfDescribingJson object at 0x746824f2e120>]}
[0m12:56:56.873173 [info ] [MainThread]: 
[0m12:56:56.875986 [debug] [MainThread]: Acquiring new postgres connection 'master'
[0m12:56:56.884563 [debug] [ThreadPool]: Acquiring new postgres connection 'list_instacart'
[0m12:56:57.015018 [debug] [ThreadPool]: Using postgres connection "list_instacart"
[0m12:56:57.016483 [debug] [ThreadPool]: On list_instacart: /* {"app": "dbt", "dbt_version": "1.8.2", "profile_name": "instacart_pipeline", "target_name": "dev", "connection_name": "list_instacart"} */

    select distinct nspname from pg_namespace
  
[0m12:56:57.017585 [debug] [ThreadPool]: Opening a new connection, currently in state init
[0m12:56:57.038883 [debug] [ThreadPool]: SQL status: SELECT 6 in 0.021 seconds
[0m12:56:57.042156 [debug] [ThreadPool]: On list_instacart: Close
[0m12:56:57.046155 [debug] [ThreadPool]: Re-using an available connection from the pool (formerly list_instacart, now list_instacart_dbt_dev)
[0m12:56:57.054333 [debug] [ThreadPool]: Using postgres connection "list_instacart_dbt_dev"
[0m12:56:57.055456 [debug] [ThreadPool]: On list_instacart_dbt_dev: BEGIN
[0m12:56:57.056367 [debug] [ThreadPool]: Opening a new connection, currently in state closed
[0m12:56:57.066883 [debug] [ThreadPool]: SQL status: BEGIN in 0.010 seconds
[0m12:56:57.068155 [debug] [ThreadPool]: Using postgres connection "list_instacart_dbt_dev"
[0m12:56:57.069125 [debug] [ThreadPool]: On list_instacart_dbt_dev: /* {"app": "dbt", "dbt_version": "1.8.2", "profile_name": "instacart_pipeline", "target_name": "dev", "connection_name": "list_instacart_dbt_dev"} */
select
      'instacart' as database,
      tablename as name,
      schemaname as schema,
      'table' as type
    from pg_tables
    where schemaname ilike 'dbt_dev'
    union all
    select
      'instacart' as database,
      viewname as name,
      schemaname as schema,
      'view' as type
    from pg_views
    where schemaname ilike 'dbt_dev'
    union all
    select
      'instacart' as database,
      matviewname as name,
      schemaname as schema,
      'materialized_view' as type
    from pg_matviews
    where schemaname ilike 'dbt_dev'
  
[0m12:56:57.081898 [debug] [ThreadPool]: SQL status: SELECT 1 in 0.012 seconds
[0m12:56:57.084134 [debug] [ThreadPool]: On list_instacart_dbt_dev: ROLLBACK
[0m12:56:57.085309 [debug] [ThreadPool]: On list_instacart_dbt_dev: Close
[0m12:56:57.091416 [debug] [MainThread]: Using postgres connection "master"
[0m12:56:57.092897 [debug] [MainThread]: On master: BEGIN
[0m12:56:57.093977 [debug] [MainThread]: Opening a new connection, currently in state init
[0m12:56:57.101820 [debug] [MainThread]: SQL status: BEGIN in 0.008 seconds
[0m12:56:57.103030 [debug] [MainThread]: Using postgres connection "master"
[0m12:56:57.104141 [debug] [MainThread]: On master: /* {"app": "dbt", "dbt_version": "1.8.2", "profile_name": "instacart_pipeline", "target_name": "dev", "connection_name": "master"} */
with relation as (
        select
            pg_rewrite.ev_class as class,
            pg_rewrite.oid as id
        from pg_rewrite
    ),
    class as (
        select
            oid as id,
            relname as name,
            relnamespace as schema,
            relkind as kind
        from pg_class
    ),
    dependency as (
        select distinct
            pg_depend.objid as id,
            pg_depend.refobjid as ref
        from pg_depend
    ),
    schema as (
        select
            pg_namespace.oid as id,
            pg_namespace.nspname as name
        from pg_namespace
        where nspname != 'information_schema' and nspname not like 'pg\_%'
    ),
    referenced as (
        select
            relation.id AS id,
            referenced_class.name ,
            referenced_class.schema ,
            referenced_class.kind
        from relation
        join class as referenced_class on relation.class=referenced_class.id
        where referenced_class.kind in ('r', 'v', 'm')
    ),
    relationships as (
        select
            referenced.name as referenced_name,
            referenced.schema as referenced_schema_id,
            dependent_class.name as dependent_name,
            dependent_class.schema as dependent_schema_id,
            referenced.kind as kind
        from referenced
        join dependency on referenced.id=dependency.id
        join class as dependent_class on dependency.ref=dependent_class.id
        where
            (referenced.name != dependent_class.name or
             referenced.schema != dependent_class.schema)
    )

    select
        referenced_schema.name as referenced_schema,
        relationships.referenced_name as referenced_name,
        dependent_schema.name as dependent_schema,
        relationships.dependent_name as dependent_name
    from relationships
    join schema as dependent_schema on relationships.dependent_schema_id=dependent_schema.id
    join schema as referenced_schema on relationships.referenced_schema_id=referenced_schema.id
    group by referenced_schema, referenced_name, dependent_schema, dependent_name
    order by referenced_schema, referenced_name, dependent_schema, dependent_name;
[0m12:56:57.134402 [debug] [MainThread]: SQL status: SELECT 1 in 0.029 seconds
[0m12:56:57.136845 [debug] [MainThread]: Sending event: {'category': 'dbt', 'action': 'runnable_timing', 'label': '8277a080-a992-4583-babc-a12038e242ab', 'context': [<snowplow_tracker.self_describing_json.SelfDescribingJson object at 0x7468273f6030>]}
[0m12:56:57.138148 [debug] [MainThread]: On master: ROLLBACK
[0m12:56:57.140274 [debug] [MainThread]: Using postgres connection "master"
[0m12:56:57.141614 [debug] [MainThread]: On master: BEGIN
[0m12:56:57.143285 [debug] [MainThread]: SQL status: BEGIN in 0.001 seconds
[0m12:56:57.144439 [debug] [MainThread]: On master: COMMIT
[0m12:56:57.145493 [debug] [MainThread]: Using postgres connection "master"
[0m12:56:57.146366 [debug] [MainThread]: On master: COMMIT
[0m12:56:57.147520 [debug] [MainThread]: SQL status: COMMIT in 0.000 seconds
[0m12:56:57.148390 [debug] [MainThread]: On master: Close
[0m12:56:57.149677 [info ] [MainThread]: Concurrency: 4 threads (target='dev')
[0m12:56:57.150903 [info ] [MainThread]: 
[0m12:56:57.177379 [debug] [Thread-1 (]: Began running node model.instacart_pipeline.stg_aisles
[0m12:56:57.177984 [debug] [Thread-2 (]: Began running node model.instacart_pipeline.stg_departments
[0m12:56:57.178576 [debug] [Thread-3 (]: Began running node model.instacart_pipeline.stg_order_products_prior
[0m12:56:57.179014 [debug] [Thread-4 (]: Began running node model.instacart_pipeline.stg_order_products_train
[0m12:56:57.179865 [info ] [Thread-1 (]: 1 of 6 START sql view model dbt_dev.stg_aisles ................................. [RUN]
[0m12:56:57.181195 [info ] [Thread-2 (]: 2 of 6 START sql view model dbt_dev.stg_departments ............................ [RUN]
[0m12:56:57.182473 [info ] [Thread-3 (]: 3 of 6 START sql view model dbt_dev.stg_order_products_prior ................... [RUN]
[0m12:56:57.183601 [info ] [Thread-4 (]: 4 of 6 START sql view model dbt_dev.stg_order_products_train ................... [RUN]
[0m12:56:57.184791 [debug] [Thread-1 (]: Re-using an available connection from the pool (formerly list_instacart_dbt_dev, now model.instacart_pipeline.stg_aisles)
[0m12:56:57.186164 [debug] [Thread-2 (]: Acquiring new postgres connection 'model.instacart_pipeline.stg_departments'
[0m12:56:57.187306 [debug] [Thread-3 (]: Acquiring new postgres connection 'model.instacart_pipeline.stg_order_products_prior'
[0m12:56:57.189611 [debug] [Thread-4 (]: Acquiring new postgres connection 'model.instacart_pipeline.stg_order_products_train'
[0m12:56:57.190916 [debug] [Thread-1 (]: Began compiling node model.instacart_pipeline.stg_aisles
[0m12:56:57.192044 [debug] [Thread-2 (]: Began compiling node model.instacart_pipeline.stg_departments
[0m12:56:57.193119 [debug] [Thread-3 (]: Began compiling node model.instacart_pipeline.stg_order_products_prior
[0m12:56:57.194092 [debug] [Thread-4 (]: Began compiling node model.instacart_pipeline.stg_order_products_train
[0m12:56:57.201282 [debug] [Thread-1 (]: Writing injected SQL for node "model.instacart_pipeline.stg_aisles"
[0m12:56:57.205765 [debug] [Thread-2 (]: Writing injected SQL for node "model.instacart_pipeline.stg_departments"
[0m12:56:57.210659 [debug] [Thread-3 (]: Writing injected SQL for node "model.instacart_pipeline.stg_order_products_prior"
[0m12:56:57.214584 [debug] [Thread-4 (]: Writing injected SQL for node "model.instacart_pipeline.stg_order_products_train"
[0m12:56:57.222893 [debug] [Thread-1 (]: Began executing node model.instacart_pipeline.stg_aisles
[0m12:56:57.229828 [debug] [Thread-2 (]: Began executing node model.instacart_pipeline.stg_departments
[0m12:56:57.254691 [debug] [Thread-3 (]: Began executing node model.instacart_pipeline.stg_order_products_prior
[0m12:56:57.261475 [debug] [Thread-4 (]: Began executing node model.instacart_pipeline.stg_order_products_train
[0m12:56:57.300436 [debug] [Thread-2 (]: Writing runtime sql for node "model.instacart_pipeline.stg_departments"
[0m12:56:57.302123 [debug] [Thread-1 (]: Writing runtime sql for node "model.instacart_pipeline.stg_aisles"
[0m12:56:57.307272 [debug] [Thread-3 (]: Writing runtime sql for node "model.instacart_pipeline.stg_order_products_prior"
[0m12:56:57.312014 [debug] [Thread-4 (]: Writing runtime sql for node "model.instacart_pipeline.stg_order_products_train"
[0m12:56:57.321327 [debug] [Thread-4 (]: Using postgres connection "model.instacart_pipeline.stg_order_products_train"
[0m12:56:57.322966 [debug] [Thread-4 (]: On model.instacart_pipeline.stg_order_products_train: BEGIN
[0m12:56:57.323593 [debug] [Thread-2 (]: Using postgres connection "model.instacart_pipeline.stg_departments"
[0m12:56:57.325285 [debug] [Thread-4 (]: Opening a new connection, currently in state init
[0m12:56:57.326215 [debug] [Thread-3 (]: Using postgres connection "model.instacart_pipeline.stg_order_products_prior"
[0m12:56:57.327732 [debug] [Thread-2 (]: On model.instacart_pipeline.stg_departments: BEGIN
[0m12:56:57.329377 [debug] [Thread-1 (]: Using postgres connection "model.instacart_pipeline.stg_aisles"
[0m12:56:57.331868 [debug] [Thread-3 (]: On model.instacart_pipeline.stg_order_products_prior: BEGIN
[0m12:56:57.333681 [debug] [Thread-2 (]: Opening a new connection, currently in state init
[0m12:56:57.335799 [debug] [Thread-1 (]: On model.instacart_pipeline.stg_aisles: BEGIN
[0m12:56:57.338311 [debug] [Thread-3 (]: Opening a new connection, currently in state init
[0m12:56:57.341386 [debug] [Thread-1 (]: Opening a new connection, currently in state closed
[0m12:56:57.347945 [debug] [Thread-4 (]: SQL status: BEGIN in 0.023 seconds
[0m12:56:57.349918 [debug] [Thread-2 (]: SQL status: BEGIN in 0.016 seconds
[0m12:56:57.351428 [debug] [Thread-1 (]: SQL status: BEGIN in 0.010 seconds
[0m12:56:57.352203 [debug] [Thread-4 (]: Using postgres connection "model.instacart_pipeline.stg_order_products_train"
[0m12:56:57.352688 [debug] [Thread-3 (]: SQL status: BEGIN in 0.015 seconds
[0m12:56:57.354073 [debug] [Thread-2 (]: Using postgres connection "model.instacart_pipeline.stg_departments"
[0m12:56:57.355211 [debug] [Thread-1 (]: Using postgres connection "model.instacart_pipeline.stg_aisles"
[0m12:56:57.356355 [debug] [Thread-4 (]: On model.instacart_pipeline.stg_order_products_train: /* {"app": "dbt", "dbt_version": "1.8.2", "profile_name": "instacart_pipeline", "target_name": "dev", "node_id": "model.instacart_pipeline.stg_order_products_train"} */

  create view "instacart"."dbt_dev"."stg_order_products_train__dbt_tmp"
    
    
  as (
    select
    order_id,
    product_id,
    add_to_cart_order,
    reordered
from "instacart"."raw"."order_products_train"
  );
[0m12:56:57.357455 [debug] [Thread-3 (]: Using postgres connection "model.instacart_pipeline.stg_order_products_prior"
[0m12:56:57.358502 [debug] [Thread-2 (]: On model.instacart_pipeline.stg_departments: /* {"app": "dbt", "dbt_version": "1.8.2", "profile_name": "instacart_pipeline", "target_name": "dev", "node_id": "model.instacart_pipeline.stg_departments"} */

  create view "instacart"."dbt_dev"."stg_departments__dbt_tmp"
    
    
  as (
    select
    department_id,
    department
from "instacart"."raw"."departments"
  );
[0m12:56:57.359526 [debug] [Thread-1 (]: On model.instacart_pipeline.stg_aisles: /* {"app": "dbt", "dbt_version": "1.8.2", "profile_name": "instacart_pipeline", "target_name": "dev", "node_id": "model.instacart_pipeline.stg_aisles"} */

  create view "instacart"."dbt_dev"."stg_aisles__dbt_tmp"
    
    
  as (
    select
    aisle_id,
    aisle
from "instacart"."raw"."aisles"
  );
[0m12:56:57.361947 [debug] [Thread-3 (]: On model.instacart_pipeline.stg_order_products_prior: /* {"app": "dbt", "dbt_version": "1.8.2", "profile_name": "instacart_pipeline", "target_name": "dev", "node_id": "model.instacart_pipeline.stg_order_products_prior"} */

  create view "instacart"."dbt_dev"."stg_order_products_prior__dbt_tmp"
    
    
  as (
    select
    order_id,
    product_id,
    add_to_cart_order,
    reordered
from "instacart"."raw"."order_products_prior"
  );
[0m12:56:57.379412 [debug] [Thread-2 (]: SQL status: CREATE VIEW in 0.016 seconds
[0m12:56:57.380001 [debug] [Thread-1 (]: SQL status: CREATE VIEW in 0.015 seconds
[0m12:56:57.380451 [debug] [Thread-4 (]: SQL status: CREATE VIEW in 0.020 seconds
[0m12:56:57.380892 [debug] [Thread-3 (]: SQL status: CREATE VIEW in 0.015 seconds
[0m12:56:57.389389 [debug] [Thread-2 (]: Using postgres connection "model.instacart_pipeline.stg_departments"
[0m12:56:57.394016 [debug] [Thread-1 (]: Using postgres connection "model.instacart_pipeline.stg_aisles"
[0m12:56:57.397905 [debug] [Thread-4 (]: Using postgres connection "model.instacart_pipeline.stg_order_products_train"
[0m12:56:57.404074 [debug] [Thread-3 (]: Using postgres connection "model.instacart_pipeline.stg_order_products_prior"
[0m12:56:57.405495 [debug] [Thread-2 (]: On model.instacart_pipeline.stg_departments: /* {"app": "dbt", "dbt_version": "1.8.2", "profile_name": "instacart_pipeline", "target_name": "dev", "node_id": "model.instacart_pipeline.stg_departments"} */
alter table "instacart"."dbt_dev"."stg_departments__dbt_tmp" rename to "stg_departments"
[0m12:56:57.406652 [debug] [Thread-1 (]: On model.instacart_pipeline.stg_aisles: /* {"app": "dbt", "dbt_version": "1.8.2", "profile_name": "instacart_pipeline", "target_name": "dev", "node_id": "model.instacart_pipeline.stg_aisles"} */
alter table "instacart"."dbt_dev"."stg_aisles__dbt_tmp" rename to "stg_aisles"
[0m12:56:57.407905 [debug] [Thread-4 (]: On model.instacart_pipeline.stg_order_products_train: /* {"app": "dbt", "dbt_version": "1.8.2", "profile_name": "instacart_pipeline", "target_name": "dev", "node_id": "model.instacart_pipeline.stg_order_products_train"} */
alter table "instacart"."dbt_dev"."stg_order_products_train__dbt_tmp" rename to "stg_order_products_train"
[0m12:56:57.409154 [debug] [Thread-3 (]: On model.instacart_pipeline.stg_order_products_prior: /* {"app": "dbt", "dbt_version": "1.8.2", "profile_name": "instacart_pipeline", "target_name": "dev", "node_id": "model.instacart_pipeline.stg_order_products_prior"} */
alter table "instacart"."dbt_dev"."stg_order_products_prior__dbt_tmp" rename to "stg_order_products_prior"
[0m12:56:57.411520 [debug] [Thread-1 (]: SQL status: ALTER TABLE in 0.000 seconds
[0m12:56:57.411937 [debug] [Thread-2 (]: SQL status: ALTER TABLE in 0.002 seconds
[0m12:56:57.412877 [debug] [Thread-4 (]: SQL status: ALTER TABLE in 0.000 seconds
[0m12:56:57.413908 [debug] [Thread-3 (]: SQL status: ALTER TABLE in 0.000 seconds
[0m12:56:57.431043 [debug] [Thread-1 (]: On model.instacart_pipeline.stg_aisles: COMMIT
[0m12:56:57.434146 [debug] [Thread-2 (]: On model.instacart_pipeline.stg_departments: COMMIT
[0m12:56:57.438134 [debug] [Thread-4 (]: On model.instacart_pipeline.stg_order_products_train: COMMIT
[0m12:56:57.442805 [debug] [Thread-3 (]: On model.instacart_pipeline.stg_order_products_prior: COMMIT
[0m12:56:57.444719 [debug] [Thread-1 (]: Using postgres connection "model.instacart_pipeline.stg_aisles"
[0m12:56:57.446115 [debug] [Thread-2 (]: Using postgres connection "model.instacart_pipeline.stg_departments"
[0m12:56:57.447262 [debug] [Thread-4 (]: Using postgres connection "model.instacart_pipeline.stg_order_products_train"
[0m12:56:57.448392 [debug] [Thread-3 (]: Using postgres connection "model.instacart_pipeline.stg_order_products_prior"
[0m12:56:57.450252 [debug] [Thread-1 (]: On model.instacart_pipeline.stg_aisles: COMMIT
[0m12:56:57.452149 [debug] [Thread-2 (]: On model.instacart_pipeline.stg_departments: COMMIT
[0m12:56:57.453669 [debug] [Thread-4 (]: On model.instacart_pipeline.stg_order_products_train: COMMIT
[0m12:56:57.454847 [debug] [Thread-3 (]: On model.instacart_pipeline.stg_order_products_prior: COMMIT
[0m12:56:57.458102 [debug] [Thread-1 (]: SQL status: COMMIT in 0.002 seconds
[0m12:56:57.458788 [debug] [Thread-4 (]: SQL status: COMMIT in 0.001 seconds
[0m12:56:57.459218 [debug] [Thread-2 (]: SQL status: COMMIT in 0.003 seconds
[0m12:56:57.459659 [debug] [Thread-3 (]: SQL status: COMMIT in 0.001 seconds
[0m12:56:57.560576 [debug] [Thread-1 (]: Applying DROP to: "instacart"."dbt_dev"."stg_aisles__dbt_backup"
[0m12:56:57.563576 [debug] [Thread-4 (]: Applying DROP to: "instacart"."dbt_dev"."stg_order_products_train__dbt_backup"
[0m12:56:57.567906 [debug] [Thread-2 (]: Applying DROP to: "instacart"."dbt_dev"."stg_departments__dbt_backup"
[0m12:56:57.571259 [debug] [Thread-3 (]: Applying DROP to: "instacart"."dbt_dev"."stg_order_products_prior__dbt_backup"
[0m12:56:57.577622 [debug] [Thread-1 (]: Using postgres connection "model.instacart_pipeline.stg_aisles"
[0m12:56:57.578798 [debug] [Thread-4 (]: Using postgres connection "model.instacart_pipeline.stg_order_products_train"
[0m12:56:57.580572 [debug] [Thread-2 (]: Using postgres connection "model.instacart_pipeline.stg_departments"
[0m12:56:57.583705 [debug] [Thread-3 (]: Using postgres connection "model.instacart_pipeline.stg_order_products_prior"
[0m12:56:57.585090 [debug] [Thread-1 (]: On model.instacart_pipeline.stg_aisles: /* {"app": "dbt", "dbt_version": "1.8.2", "profile_name": "instacart_pipeline", "target_name": "dev", "node_id": "model.instacart_pipeline.stg_aisles"} */
drop view if exists "instacart"."dbt_dev"."stg_aisles__dbt_backup" cascade
[0m12:56:57.586131 [debug] [Thread-4 (]: On model.instacart_pipeline.stg_order_products_train: /* {"app": "dbt", "dbt_version": "1.8.2", "profile_name": "instacart_pipeline", "target_name": "dev", "node_id": "model.instacart_pipeline.stg_order_products_train"} */
drop view if exists "instacart"."dbt_dev"."stg_order_products_train__dbt_backup" cascade
[0m12:56:57.587219 [debug] [Thread-2 (]: On model.instacart_pipeline.stg_departments: /* {"app": "dbt", "dbt_version": "1.8.2", "profile_name": "instacart_pipeline", "target_name": "dev", "node_id": "model.instacart_pipeline.stg_departments"} */
drop view if exists "instacart"."dbt_dev"."stg_departments__dbt_backup" cascade
[0m12:56:57.588535 [debug] [Thread-3 (]: On model.instacart_pipeline.stg_order_products_prior: /* {"app": "dbt", "dbt_version": "1.8.2", "profile_name": "instacart_pipeline", "target_name": "dev", "node_id": "model.instacart_pipeline.stg_order_products_prior"} */
drop view if exists "instacart"."dbt_dev"."stg_order_products_prior__dbt_backup" cascade
[0m12:56:57.592566 [debug] [Thread-3 (]: SQL status: DROP VIEW in 0.001 seconds
[0m12:56:57.593174 [debug] [Thread-4 (]: SQL status: DROP VIEW in 0.003 seconds
[0m12:56:57.593608 [debug] [Thread-1 (]: SQL status: DROP VIEW in 0.004 seconds
[0m12:56:57.593997 [debug] [Thread-2 (]: SQL status: DROP VIEW in 0.003 seconds
[0m12:56:57.596517 [debug] [Thread-3 (]: On model.instacart_pipeline.stg_order_products_prior: Close
[0m12:56:57.599246 [debug] [Thread-4 (]: On model.instacart_pipeline.stg_order_products_train: Close
[0m12:56:57.601814 [debug] [Thread-1 (]: On model.instacart_pipeline.stg_aisles: Close
[0m12:56:57.603602 [debug] [Thread-2 (]: On model.instacart_pipeline.stg_departments: Close
[0m12:56:57.605837 [debug] [Thread-3 (]: Sending event: {'category': 'dbt', 'action': 'run_model', 'label': '8277a080-a992-4583-babc-a12038e242ab', 'context': [<snowplow_tracker.self_describing_json.SelfDescribingJson object at 0x7468273adb80>]}
[0m12:56:57.608614 [debug] [Thread-4 (]: Sending event: {'category': 'dbt', 'action': 'run_model', 'label': '8277a080-a992-4583-babc-a12038e242ab', 'context': [<snowplow_tracker.self_describing_json.SelfDescribingJson object at 0x7468273640b0>]}
[0m12:56:57.609618 [debug] [Thread-1 (]: Sending event: {'category': 'dbt', 'action': 'run_model', 'label': '8277a080-a992-4583-babc-a12038e242ab', 'context': [<snowplow_tracker.self_describing_json.SelfDescribingJson object at 0x7468240f1af0>]}
[0m12:56:57.610650 [debug] [Thread-2 (]: Sending event: {'category': 'dbt', 'action': 'run_model', 'label': '8277a080-a992-4583-babc-a12038e242ab', 'context': [<snowplow_tracker.self_describing_json.SelfDescribingJson object at 0x7468273667b0>]}
[0m12:56:57.611663 [info ] [Thread-3 (]: 3 of 6 OK created sql view model dbt_dev.stg_order_products_prior .............. [[32mCREATE VIEW[0m in 0.42s]
[0m12:56:57.613363 [info ] [Thread-4 (]: 4 of 6 OK created sql view model dbt_dev.stg_order_products_train .............. [[32mCREATE VIEW[0m in 0.42s]
[0m12:56:57.615434 [info ] [Thread-1 (]: 1 of 6 OK created sql view model dbt_dev.stg_aisles ............................ [[32mCREATE VIEW[0m in 0.42s]
[0m12:56:57.616870 [info ] [Thread-2 (]: 2 of 6 OK created sql view model dbt_dev.stg_departments ....................... [[32mCREATE VIEW[0m in 0.42s]
[0m12:56:57.618165 [debug] [Thread-3 (]: Finished running node model.instacart_pipeline.stg_order_products_prior
[0m12:56:57.619384 [debug] [Thread-4 (]: Finished running node model.instacart_pipeline.stg_order_products_train
[0m12:56:57.620683 [debug] [Thread-1 (]: Finished running node model.instacart_pipeline.stg_aisles
[0m12:56:57.621959 [debug] [Thread-2 (]: Finished running node model.instacart_pipeline.stg_departments
[0m12:56:57.623213 [debug] [Thread-3 (]: Began running node model.instacart_pipeline.stg_orders
[0m12:56:57.624465 [debug] [Thread-4 (]: Began running node model.instacart_pipeline.stg_products
[0m12:56:57.627538 [info ] [Thread-3 (]: 5 of 6 START sql view model dbt_dev.stg_orders ................................. [RUN]
[0m12:56:57.629594 [info ] [Thread-4 (]: 6 of 6 START sql view model dbt_dev.stg_products ............................... [RUN]
[0m12:56:57.634179 [debug] [Thread-3 (]: Re-using an available connection from the pool (formerly model.instacart_pipeline.stg_order_products_prior, now model.instacart_pipeline.stg_orders)
[0m12:56:57.635919 [debug] [Thread-4 (]: Re-using an available connection from the pool (formerly model.instacart_pipeline.stg_order_products_train, now model.instacart_pipeline.stg_products)
[0m12:56:57.637522 [debug] [Thread-3 (]: Began compiling node model.instacart_pipeline.stg_orders
[0m12:56:57.638773 [debug] [Thread-4 (]: Began compiling node model.instacart_pipeline.stg_products
[0m12:56:57.643673 [debug] [Thread-3 (]: Writing injected SQL for node "model.instacart_pipeline.stg_orders"
[0m12:56:57.650910 [debug] [Thread-4 (]: Writing injected SQL for node "model.instacart_pipeline.stg_products"
[0m12:56:57.660169 [debug] [Thread-4 (]: Began executing node model.instacart_pipeline.stg_products
[0m12:56:57.660987 [debug] [Thread-3 (]: Began executing node model.instacart_pipeline.stg_orders
[0m12:56:57.667943 [debug] [Thread-4 (]: Writing runtime sql for node "model.instacart_pipeline.stg_products"
[0m12:56:57.673336 [debug] [Thread-3 (]: Writing runtime sql for node "model.instacart_pipeline.stg_orders"
[0m12:56:57.682862 [debug] [Thread-3 (]: Using postgres connection "model.instacart_pipeline.stg_orders"
[0m12:56:57.683705 [debug] [Thread-4 (]: Using postgres connection "model.instacart_pipeline.stg_products"
[0m12:56:57.685004 [debug] [Thread-3 (]: On model.instacart_pipeline.stg_orders: BEGIN
[0m12:56:57.686544 [debug] [Thread-4 (]: On model.instacart_pipeline.stg_products: BEGIN
[0m12:56:57.687786 [debug] [Thread-3 (]: Opening a new connection, currently in state closed
[0m12:56:57.689113 [debug] [Thread-4 (]: Opening a new connection, currently in state closed
[0m12:56:57.699443 [debug] [Thread-3 (]: SQL status: BEGIN in 0.011 seconds
[0m12:56:57.700018 [debug] [Thread-4 (]: SQL status: BEGIN in 0.011 seconds
[0m12:56:57.701020 [debug] [Thread-3 (]: Using postgres connection "model.instacart_pipeline.stg_orders"
[0m12:56:57.702479 [debug] [Thread-4 (]: Using postgres connection "model.instacart_pipeline.stg_products"
[0m12:56:57.703757 [debug] [Thread-3 (]: On model.instacart_pipeline.stg_orders: /* {"app": "dbt", "dbt_version": "1.8.2", "profile_name": "instacart_pipeline", "target_name": "dev", "node_id": "model.instacart_pipeline.stg_orders"} */

  create view "instacart"."dbt_dev"."stg_orders__dbt_tmp"
    
    
  as (
    select
    order_id,
    user_id,
    order_number,
    order_dow,
    order_hour_of_day,
    days_since_prior_order,
    eval_set
from "instacart"."raw"."orders"
  );
[0m12:56:57.704905 [debug] [Thread-4 (]: On model.instacart_pipeline.stg_products: /* {"app": "dbt", "dbt_version": "1.8.2", "profile_name": "instacart_pipeline", "target_name": "dev", "node_id": "model.instacart_pipeline.stg_products"} */

  create view "instacart"."dbt_dev"."stg_products__dbt_tmp"
    
    
  as (
    select
    product_id,
    product_name,
    aisle_id,
    department_id
from "instacart"."raw"."products"
  );
[0m12:56:57.708457 [debug] [Thread-3 (]: SQL status: CREATE VIEW in 0.002 seconds
[0m12:56:57.714818 [debug] [Thread-3 (]: Using postgres connection "model.instacart_pipeline.stg_orders"
[0m12:56:57.715447 [debug] [Thread-4 (]: SQL status: CREATE VIEW in 0.008 seconds
[0m12:56:57.716504 [debug] [Thread-3 (]: On model.instacart_pipeline.stg_orders: /* {"app": "dbt", "dbt_version": "1.8.2", "profile_name": "instacart_pipeline", "target_name": "dev", "node_id": "model.instacart_pipeline.stg_orders"} */
alter table "instacart"."dbt_dev"."stg_orders" rename to "stg_orders__dbt_backup"
[0m12:56:57.722705 [debug] [Thread-4 (]: Using postgres connection "model.instacart_pipeline.stg_products"
[0m12:56:57.724574 [debug] [Thread-3 (]: SQL status: ALTER TABLE in 0.001 seconds
[0m12:56:57.725438 [debug] [Thread-4 (]: On model.instacart_pipeline.stg_products: /* {"app": "dbt", "dbt_version": "1.8.2", "profile_name": "instacart_pipeline", "target_name": "dev", "node_id": "model.instacart_pipeline.stg_products"} */
alter table "instacart"."dbt_dev"."stg_products__dbt_tmp" rename to "stg_products"
[0m12:56:57.733388 [debug] [Thread-3 (]: Using postgres connection "model.instacart_pipeline.stg_orders"
[0m12:56:57.736018 [debug] [Thread-4 (]: SQL status: ALTER TABLE in 0.001 seconds
[0m12:56:57.736882 [debug] [Thread-3 (]: On model.instacart_pipeline.stg_orders: /* {"app": "dbt", "dbt_version": "1.8.2", "profile_name": "instacart_pipeline", "target_name": "dev", "node_id": "model.instacart_pipeline.stg_orders"} */
alter table "instacart"."dbt_dev"."stg_orders__dbt_tmp" rename to "stg_orders"
[0m12:56:57.740943 [debug] [Thread-4 (]: On model.instacart_pipeline.stg_products: COMMIT
[0m12:56:57.743956 [debug] [Thread-3 (]: SQL status: ALTER TABLE in 0.001 seconds
[0m12:56:57.745943 [debug] [Thread-4 (]: Using postgres connection "model.instacart_pipeline.stg_products"
[0m12:56:57.753750 [debug] [Thread-3 (]: On model.instacart_pipeline.stg_orders: COMMIT
[0m12:56:57.755100 [debug] [Thread-4 (]: On model.instacart_pipeline.stg_products: COMMIT
[0m12:56:57.756650 [debug] [Thread-3 (]: Using postgres connection "model.instacart_pipeline.stg_orders"
[0m12:56:57.759668 [debug] [Thread-3 (]: On model.instacart_pipeline.stg_orders: COMMIT
[0m12:56:57.762194 [debug] [Thread-4 (]: SQL status: COMMIT in 0.003 seconds
[0m12:56:57.769009 [debug] [Thread-4 (]: Applying DROP to: "instacart"."dbt_dev"."stg_products__dbt_backup"
[0m12:56:57.769649 [debug] [Thread-3 (]: SQL status: COMMIT in 0.005 seconds
[0m12:56:57.771751 [debug] [Thread-4 (]: Using postgres connection "model.instacart_pipeline.stg_products"
[0m12:56:57.776644 [debug] [Thread-3 (]: Applying DROP to: "instacart"."dbt_dev"."stg_orders__dbt_backup"
[0m12:56:57.781217 [debug] [Thread-4 (]: On model.instacart_pipeline.stg_products: /* {"app": "dbt", "dbt_version": "1.8.2", "profile_name": "instacart_pipeline", "target_name": "dev", "node_id": "model.instacart_pipeline.stg_products"} */
drop view if exists "instacart"."dbt_dev"."stg_products__dbt_backup" cascade
[0m12:56:57.785284 [debug] [Thread-3 (]: Using postgres connection "model.instacart_pipeline.stg_orders"
[0m12:56:57.788424 [debug] [Thread-4 (]: SQL status: DROP VIEW in 0.001 seconds
[0m12:56:57.789855 [debug] [Thread-3 (]: On model.instacart_pipeline.stg_orders: /* {"app": "dbt", "dbt_version": "1.8.2", "profile_name": "instacart_pipeline", "target_name": "dev", "node_id": "model.instacart_pipeline.stg_orders"} */
drop view if exists "instacart"."dbt_dev"."stg_orders__dbt_backup" cascade
[0m12:56:57.794682 [debug] [Thread-4 (]: On model.instacart_pipeline.stg_products: Close
[0m12:56:57.805775 [debug] [Thread-4 (]: Sending event: {'category': 'dbt', 'action': 'run_model', 'label': '8277a080-a992-4583-babc-a12038e242ab', 'context': [<snowplow_tracker.self_describing_json.SelfDescribingJson object at 0x7468273766f0>]}
[0m12:56:57.808851 [info ] [Thread-4 (]: 6 of 6 OK created sql view model dbt_dev.stg_products .......................... [[32mCREATE VIEW[0m in 0.17s]
[0m12:56:57.813874 [debug] [Thread-4 (]: Finished running node model.instacart_pipeline.stg_products
[0m12:56:57.820458 [debug] [Thread-3 (]: SQL status: DROP VIEW in 0.021 seconds
[0m12:56:57.824653 [debug] [Thread-3 (]: On model.instacart_pipeline.stg_orders: Close
[0m12:56:57.830035 [debug] [Thread-3 (]: Sending event: {'category': 'dbt', 'action': 'run_model', 'label': '8277a080-a992-4583-babc-a12038e242ab', 'context': [<snowplow_tracker.self_describing_json.SelfDescribingJson object at 0x746827367b60>]}
[0m12:56:57.834619 [info ] [Thread-3 (]: 5 of 6 OK created sql view model dbt_dev.stg_orders ............................ [[32mCREATE VIEW[0m in 0.20s]
[0m12:56:57.836908 [debug] [Thread-3 (]: Finished running node model.instacart_pipeline.stg_orders
[0m12:56:57.841294 [debug] [MainThread]: Using postgres connection "master"
[0m12:56:57.846396 [debug] [MainThread]: On master: BEGIN
[0m12:56:57.848371 [debug] [MainThread]: Opening a new connection, currently in state closed
[0m12:56:57.858636 [debug] [MainThread]: SQL status: BEGIN in 0.010 seconds
[0m12:56:57.860764 [debug] [MainThread]: On master: COMMIT
[0m12:56:57.862277 [debug] [MainThread]: Using postgres connection "master"
[0m12:56:57.863571 [debug] [MainThread]: On master: COMMIT
[0m12:56:57.865421 [debug] [MainThread]: SQL status: COMMIT in 0.000 seconds
[0m12:56:57.867040 [debug] [MainThread]: On master: Close
[0m12:56:57.868871 [debug] [MainThread]: Connection 'master' was properly closed.
[0m12:56:57.870108 [debug] [MainThread]: Connection 'model.instacart_pipeline.stg_aisles' was properly closed.
[0m12:56:57.871009 [debug] [MainThread]: Connection 'model.instacart_pipeline.stg_departments' was properly closed.
[0m12:56:57.871972 [debug] [MainThread]: Connection 'model.instacart_pipeline.stg_orders' was properly closed.
[0m12:56:57.872871 [debug] [MainThread]: Connection 'model.instacart_pipeline.stg_products' was properly closed.
[0m12:56:57.874237 [info ] [MainThread]: 
[0m12:56:57.876721 [info ] [MainThread]: Finished running 6 view models in 0 hours 0 minutes and 1.00 seconds (1.00s).
[0m12:56:57.880056 [debug] [MainThread]: Command end result
[0m12:56:57.953579 [info ] [MainThread]: 
[0m12:56:57.954964 [info ] [MainThread]: [32mCompleted successfully[0m
[0m12:56:57.956335 [info ] [MainThread]: 
[0m12:56:57.959027 [info ] [MainThread]: Done. PASS=6 WARN=0 ERROR=0 SKIP=0 TOTAL=6
[0m12:56:57.961801 [debug] [MainThread]: Resource report: {"command_name": "run", "command_success": true, "command_wall_clock_time": 4.0774794, "process_user_time": 4.033192, "process_kernel_time": 1.93865, "process_mem_max_rss": "127848", "process_in_blocks": "384", "process_out_blocks": "0"}
[0m12:56:57.963267 [debug] [MainThread]: Command `dbt run` succeeded at 12:56:57.963148 after 4.08 seconds
[0m12:56:57.964439 [debug] [MainThread]: Sending event: {'category': 'dbt', 'action': 'invocation', 'label': 'end', 'context': [<snowplow_tracker.self_describing_json.SelfDescribingJson object at 0x746829eb3830>, <snowplow_tracker.self_describing_json.SelfDescribingJson object at 0x746824105490>, <snowplow_tracker.self_describing_json.SelfDescribingJson object at 0x7468292b6b40>]}
[0m12:56:57.965600 [debug] [MainThread]: Flushing usage events
[0m12:57:22.147041 [debug] [MainThread]: Sending event: {'category': 'dbt', 'action': 'invocation', 'label': 'start', 'context': [<snowplow_tracker.self_describing_json.SelfDescribingJson object at 0x754d20882900>, <snowplow_tracker.self_describing_json.SelfDescribingJson object at 0x754d21ac4a70>, <snowplow_tracker.self_describing_json.SelfDescribingJson object at 0x754d20aa4d40>]}


============================== 12:57:22.153862 | ce99e4ef-c680-4980-88ee-d6b5be263239 ==============================
[0m12:57:22.153862 [info ] [MainThread]: Running with dbt=1.8.2
[0m12:57:22.155205 [debug] [MainThread]: running dbt with arguments {'printer_width': '80', 'indirect_selection': 'eager', 'write_json': 'True', 'log_cache_events': 'False', 'partial_parse': 'True', 'cache_selected_only': 'False', 'warn_error': 'None', 'version_check': 'True', 'profiles_dir': '/opt/airflow/dbt', 'log_path': '/opt/airflow/dbt/logs', 'debug': 'False', 'fail_fast': 'False', 'use_colors': 'True', 'use_experimental_parser': 'False', 'no_print': 'None', 'quiet': 'False', 'warn_error_options': 'WarnErrorOptions(include=[], exclude=[])', 'invocation_command': 'dbt test --select staging.*', 'log_format': 'default', 'introspect': 'True', 'target_path': 'None', 'static_parser': 'True', 'send_anonymous_usage_stats': 'True'}
[0m12:57:22.412045 [debug] [MainThread]: Sending event: {'category': 'dbt', 'action': 'project_id', 'label': 'ce99e4ef-c680-4980-88ee-d6b5be263239', 'context': [<snowplow_tracker.self_describing_json.SelfDescribingJson object at 0x754d2039b920>]}
[0m12:57:22.473873 [debug] [MainThread]: Sending event: {'category': 'dbt', 'action': 'adapter_info', 'label': 'ce99e4ef-c680-4980-88ee-d6b5be263239', 'context': [<snowplow_tracker.self_describing_json.SelfDescribingJson object at 0x754d2036f8f0>]}
[0m12:57:22.475911 [info ] [MainThread]: Registered adapter: postgres=1.8.2
[0m12:57:22.631012 [debug] [MainThread]: checksum: f0a141b9de567cb7f131613ba2682f40b3a1c6a157f81c6e5435862eff68f109, vars: {}, profile: , target: , version: 1.8.2
[0m12:57:23.981787 [debug] [MainThread]: Partial parsing enabled: 0 files deleted, 0 files added, 0 files changed.
[0m12:57:23.983037 [debug] [MainThread]: Partial parsing enabled, no changes found, skipping parsing
[0m12:57:23.989916 [warn ] [MainThread]: [[33mWARNING[0m]: Configuration paths exist in your dbt_project.yml file which do not apply to any resources.
There are 2 unused configuration paths:
- models.instacart_pipeline.marts
- models.instacart_pipeline.intermediate
[0m12:57:24.034520 [debug] [MainThread]: Sending event: {'category': 'dbt', 'action': 'load_project', 'label': 'ce99e4ef-c680-4980-88ee-d6b5be263239', 'context': [<snowplow_tracker.self_describing_json.SelfDescribingJson object at 0x754d1fbae420>]}
[0m12:57:24.208269 [debug] [MainThread]: Sending event: {'category': 'dbt', 'action': 'resource_counts', 'label': 'ce99e4ef-c680-4980-88ee-d6b5be263239', 'context': [<snowplow_tracker.self_describing_json.SelfDescribingJson object at 0x754d1e719190>]}
[0m12:57:24.209587 [info ] [MainThread]: Found 6 models, 26 data tests, 6 sources, 544 macros
[0m12:57:24.210852 [debug] [MainThread]: Sending event: {'category': 'dbt', 'action': 'runnable_timing', 'label': 'ce99e4ef-c680-4980-88ee-d6b5be263239', 'context': [<snowplow_tracker.self_describing_json.SelfDescribingJson object at 0x754d2039a8a0>]}
[0m12:57:24.216757 [info ] [MainThread]: 
[0m12:57:24.219073 [debug] [MainThread]: Acquiring new postgres connection 'master'
[0m12:57:24.224887 [debug] [ThreadPool]: Acquiring new postgres connection 'list_instacart_dbt_dev'
[0m12:57:24.271994 [debug] [ThreadPool]: Using postgres connection "list_instacart_dbt_dev"
[0m12:57:24.273290 [debug] [ThreadPool]: On list_instacart_dbt_dev: BEGIN
[0m12:57:24.274392 [debug] [ThreadPool]: Opening a new connection, currently in state init
[0m12:57:24.284365 [debug] [ThreadPool]: SQL status: BEGIN in 0.010 seconds
[0m12:57:24.285843 [debug] [ThreadPool]: Using postgres connection "list_instacart_dbt_dev"
[0m12:57:24.286788 [debug] [ThreadPool]: On list_instacart_dbt_dev: /* {"app": "dbt", "dbt_version": "1.8.2", "profile_name": "instacart_pipeline", "target_name": "dev", "connection_name": "list_instacart_dbt_dev"} */
select
      'instacart' as database,
      tablename as name,
      schemaname as schema,
      'table' as type
    from pg_tables
    where schemaname ilike 'dbt_dev'
    union all
    select
      'instacart' as database,
      viewname as name,
      schemaname as schema,
      'view' as type
    from pg_views
    where schemaname ilike 'dbt_dev'
    union all
    select
      'instacart' as database,
      matviewname as name,
      schemaname as schema,
      'materialized_view' as type
    from pg_matviews
    where schemaname ilike 'dbt_dev'
  
[0m12:57:24.291460 [debug] [ThreadPool]: SQL status: SELECT 6 in 0.004 seconds
[0m12:57:24.293610 [debug] [ThreadPool]: On list_instacart_dbt_dev: ROLLBACK
[0m12:57:24.294743 [debug] [ThreadPool]: On list_instacart_dbt_dev: Close
[0m12:57:24.303144 [debug] [MainThread]: Using postgres connection "master"
[0m12:57:24.304624 [debug] [MainThread]: On master: BEGIN
[0m12:57:24.305793 [debug] [MainThread]: Opening a new connection, currently in state init
[0m12:57:24.313893 [debug] [MainThread]: SQL status: BEGIN in 0.008 seconds
[0m12:57:24.315848 [debug] [MainThread]: Using postgres connection "master"
[0m12:57:24.317379 [debug] [MainThread]: On master: /* {"app": "dbt", "dbt_version": "1.8.2", "profile_name": "instacart_pipeline", "target_name": "dev", "connection_name": "master"} */
with relation as (
        select
            pg_rewrite.ev_class as class,
            pg_rewrite.oid as id
        from pg_rewrite
    ),
    class as (
        select
            oid as id,
            relname as name,
            relnamespace as schema,
            relkind as kind
        from pg_class
    ),
    dependency as (
        select distinct
            pg_depend.objid as id,
            pg_depend.refobjid as ref
        from pg_depend
    ),
    schema as (
        select
            pg_namespace.oid as id,
            pg_namespace.nspname as name
        from pg_namespace
        where nspname != 'information_schema' and nspname not like 'pg\_%'
    ),
    referenced as (
        select
            relation.id AS id,
            referenced_class.name ,
            referenced_class.schema ,
            referenced_class.kind
        from relation
        join class as referenced_class on relation.class=referenced_class.id
        where referenced_class.kind in ('r', 'v', 'm')
    ),
    relationships as (
        select
            referenced.name as referenced_name,
            referenced.schema as referenced_schema_id,
            dependent_class.name as dependent_name,
            dependent_class.schema as dependent_schema_id,
            referenced.kind as kind
        from referenced
        join dependency on referenced.id=dependency.id
        join class as dependent_class on dependency.ref=dependent_class.id
        where
            (referenced.name != dependent_class.name or
             referenced.schema != dependent_class.schema)
    )

    select
        referenced_schema.name as referenced_schema,
        relationships.referenced_name as referenced_name,
        dependent_schema.name as dependent_schema,
        relationships.dependent_name as dependent_name
    from relationships
    join schema as dependent_schema on relationships.dependent_schema_id=dependent_schema.id
    join schema as referenced_schema on relationships.referenced_schema_id=referenced_schema.id
    group by referenced_schema, referenced_name, dependent_schema, dependent_name
    order by referenced_schema, referenced_name, dependent_schema, dependent_name;
[0m12:57:24.343836 [debug] [MainThread]: SQL status: SELECT 6 in 0.025 seconds
[0m12:57:24.346978 [debug] [MainThread]: Sending event: {'category': 'dbt', 'action': 'runnable_timing', 'label': 'ce99e4ef-c680-4980-88ee-d6b5be263239', 'context': [<snowplow_tracker.self_describing_json.SelfDescribingJson object at 0x754d21bce240>]}
[0m12:57:24.348793 [debug] [MainThread]: On master: ROLLBACK
[0m12:57:24.351598 [debug] [MainThread]: Using postgres connection "master"
[0m12:57:24.352962 [debug] [MainThread]: On master: BEGIN
[0m12:57:24.354618 [debug] [MainThread]: SQL status: BEGIN in 0.000 seconds
[0m12:57:24.355779 [debug] [MainThread]: On master: COMMIT
[0m12:57:24.356790 [debug] [MainThread]: Using postgres connection "master"
[0m12:57:24.358059 [debug] [MainThread]: On master: COMMIT
[0m12:57:24.359408 [debug] [MainThread]: SQL status: COMMIT in 0.000 seconds
[0m12:57:24.360380 [debug] [MainThread]: On master: Close
[0m12:57:24.361567 [info ] [MainThread]: Concurrency: 4 threads (target='dev')
[0m12:57:24.362714 [info ] [MainThread]: 
[0m12:57:24.376367 [debug] [Thread-1 (]: Began running node test.instacart_pipeline.accepted_values_stg_order_products_prior_reordered__0__1.42c011b295
[0m12:57:24.377006 [debug] [Thread-2 (]: Began running node test.instacart_pipeline.accepted_values_stg_order_products_train_reordered__0__1.3d4e51291b
[0m12:57:24.377577 [debug] [Thread-3 (]: Began running node test.instacart_pipeline.accepted_values_stg_orders_eval_set__prior__train__test.b1d9607c8a
[0m12:57:24.378187 [debug] [Thread-4 (]: Began running node test.instacart_pipeline.not_null_stg_aisles_aisle.1e9408cffa
[0m12:57:24.378992 [info ] [Thread-1 (]: 1 of 26 START test accepted_values_stg_order_products_prior_reordered__0__1 .... [RUN]
[0m12:57:24.380230 [info ] [Thread-2 (]: 2 of 26 START test accepted_values_stg_order_products_train_reordered__0__1 .... [RUN]
[0m12:57:24.381510 [info ] [Thread-3 (]: 3 of 26 START test accepted_values_stg_orders_eval_set__prior__train__test ..... [RUN]
[0m12:57:24.384155 [info ] [Thread-4 (]: 4 of 26 START test not_null_stg_aisles_aisle ................................... [RUN]
[0m12:57:24.306520 [debug] [Thread-1 (]: Re-using an available connection from the pool (formerly list_instacart_dbt_dev, now test.instacart_pipeline.accepted_values_stg_order_products_prior_reordered__0__1.42c011b295)
[0m12:57:24.308145 [debug] [Thread-2 (]: Acquiring new postgres connection 'test.instacart_pipeline.accepted_values_stg_order_products_train_reordered__0__1.3d4e51291b'
[0m12:57:24.309564 [debug] [Thread-3 (]: Acquiring new postgres connection 'test.instacart_pipeline.accepted_values_stg_orders_eval_set__prior__train__test.b1d9607c8a'
[0m12:57:24.310822 [debug] [Thread-4 (]: Acquiring new postgres connection 'test.instacart_pipeline.not_null_stg_aisles_aisle.1e9408cffa'
[0m12:57:24.312245 [debug] [Thread-1 (]: Began compiling node test.instacart_pipeline.accepted_values_stg_order_products_prior_reordered__0__1.42c011b295
[0m12:57:24.313499 [debug] [Thread-2 (]: Began compiling node test.instacart_pipeline.accepted_values_stg_order_products_train_reordered__0__1.3d4e51291b
[0m12:57:24.314684 [debug] [Thread-3 (]: Began compiling node test.instacart_pipeline.accepted_values_stg_orders_eval_set__prior__train__test.b1d9607c8a
[0m12:57:24.315751 [debug] [Thread-4 (]: Began compiling node test.instacart_pipeline.not_null_stg_aisles_aisle.1e9408cffa
[0m12:57:24.343568 [debug] [Thread-2 (]: Writing injected SQL for node "test.instacart_pipeline.accepted_values_stg_order_products_train_reordered__0__1.3d4e51291b"
[0m12:57:24.338967 [debug] [Thread-1 (]: Writing injected SQL for node "test.instacart_pipeline.accepted_values_stg_order_products_prior_reordered__0__1.42c011b295"
[0m12:57:24.351239 [debug] [Thread-3 (]: Writing injected SQL for node "test.instacart_pipeline.accepted_values_stg_orders_eval_set__prior__train__test.b1d9607c8a"
[0m12:57:24.361345 [debug] [Thread-4 (]: Writing injected SQL for node "test.instacart_pipeline.not_null_stg_aisles_aisle.1e9408cffa"
[0m12:57:24.371332 [debug] [Thread-2 (]: Began executing node test.instacart_pipeline.accepted_values_stg_order_products_train_reordered__0__1.3d4e51291b
[0m12:57:24.372168 [debug] [Thread-3 (]: Began executing node test.instacart_pipeline.accepted_values_stg_orders_eval_set__prior__train__test.b1d9607c8a
[0m12:57:24.391138 [debug] [Thread-1 (]: Began executing node test.instacart_pipeline.accepted_values_stg_order_products_prior_reordered__0__1.42c011b295
[0m12:57:24.393002 [debug] [Thread-2 (]: Writing runtime sql for node "test.instacart_pipeline.accepted_values_stg_order_products_train_reordered__0__1.3d4e51291b"
[0m12:57:24.399720 [debug] [Thread-3 (]: Writing runtime sql for node "test.instacart_pipeline.accepted_values_stg_orders_eval_set__prior__train__test.b1d9607c8a"
[0m12:57:24.403453 [debug] [Thread-1 (]: Writing runtime sql for node "test.instacart_pipeline.accepted_values_stg_order_products_prior_reordered__0__1.42c011b295"
[0m12:57:24.404458 [debug] [Thread-4 (]: Began executing node test.instacart_pipeline.not_null_stg_aisles_aisle.1e9408cffa
[0m12:57:24.411029 [debug] [Thread-4 (]: Writing runtime sql for node "test.instacart_pipeline.not_null_stg_aisles_aisle.1e9408cffa"
[0m12:57:24.418546 [debug] [Thread-3 (]: Using postgres connection "test.instacart_pipeline.accepted_values_stg_orders_eval_set__prior__train__test.b1d9607c8a"
[0m12:57:24.420014 [debug] [Thread-3 (]: On test.instacart_pipeline.accepted_values_stg_orders_eval_set__prior__train__test.b1d9607c8a: BEGIN
[0m12:57:24.422199 [debug] [Thread-3 (]: Opening a new connection, currently in state init
[0m12:57:24.422983 [debug] [Thread-4 (]: Using postgres connection "test.instacart_pipeline.not_null_stg_aisles_aisle.1e9408cffa"
[0m12:57:24.425352 [debug] [Thread-4 (]: On test.instacart_pipeline.not_null_stg_aisles_aisle.1e9408cffa: BEGIN
[0m12:57:24.426181 [debug] [Thread-1 (]: Using postgres connection "test.instacart_pipeline.accepted_values_stg_order_products_prior_reordered__0__1.42c011b295"
[0m12:57:24.427944 [debug] [Thread-4 (]: Opening a new connection, currently in state init
[0m12:57:24.429285 [debug] [Thread-2 (]: Using postgres connection "test.instacart_pipeline.accepted_values_stg_order_products_train_reordered__0__1.3d4e51291b"
[0m12:57:24.430489 [debug] [Thread-1 (]: On test.instacart_pipeline.accepted_values_stg_order_products_prior_reordered__0__1.42c011b295: BEGIN
[0m12:57:24.433043 [debug] [Thread-3 (]: SQL status: BEGIN in 0.011 seconds
[0m12:57:24.433930 [debug] [Thread-2 (]: On test.instacart_pipeline.accepted_values_stg_order_products_train_reordered__0__1.3d4e51291b: BEGIN
[0m12:57:24.435411 [debug] [Thread-1 (]: Opening a new connection, currently in state closed
[0m12:57:24.436654 [debug] [Thread-3 (]: Using postgres connection "test.instacart_pipeline.accepted_values_stg_orders_eval_set__prior__train__test.b1d9607c8a"
[0m12:57:24.438742 [debug] [Thread-2 (]: Opening a new connection, currently in state init
[0m12:57:24.441494 [debug] [Thread-4 (]: SQL status: BEGIN in 0.014 seconds
[0m12:57:24.442128 [debug] [Thread-3 (]: On test.instacart_pipeline.accepted_values_stg_orders_eval_set__prior__train__test.b1d9607c8a: /* {"app": "dbt", "dbt_version": "1.8.2", "profile_name": "instacart_pipeline", "target_name": "dev", "node_id": "test.instacart_pipeline.accepted_values_stg_orders_eval_set__prior__train__test.b1d9607c8a"} */
select
      count(*) as failures,
      count(*) != 0 as should_warn,
      count(*) != 0 as should_error
    from (
      
    
    

with all_values as (

    select
        eval_set as value_field,
        count(*) as n_records

    from "instacart"."dbt_dev"."stg_orders"
    group by eval_set

)

select *
from all_values
where value_field not in (
    'prior','train','test'
)



      
    ) dbt_internal_test
[0m12:57:24.444850 [debug] [Thread-4 (]: Using postgres connection "test.instacart_pipeline.not_null_stg_aisles_aisle.1e9408cffa"
[0m12:57:24.447676 [debug] [Thread-4 (]: On test.instacart_pipeline.not_null_stg_aisles_aisle.1e9408cffa: /* {"app": "dbt", "dbt_version": "1.8.2", "profile_name": "instacart_pipeline", "target_name": "dev", "node_id": "test.instacart_pipeline.not_null_stg_aisles_aisle.1e9408cffa"} */
select
      count(*) as failures,
      count(*) != 0 as should_warn,
      count(*) != 0 as should_error
    from (
      
    
    



select aisle
from "instacart"."dbt_dev"."stg_aisles"
where aisle is null



      
    ) dbt_internal_test
[0m12:57:24.448903 [debug] [Thread-1 (]: SQL status: BEGIN in 0.013 seconds
[0m12:57:24.451720 [debug] [Thread-2 (]: SQL status: BEGIN in 0.013 seconds
[0m12:57:24.452533 [debug] [Thread-4 (]: SQL status: SELECT 1 in 0.003 seconds
[0m12:57:24.453206 [debug] [Thread-1 (]: Using postgres connection "test.instacart_pipeline.accepted_values_stg_order_products_prior_reordered__0__1.42c011b295"
[0m12:57:24.455780 [debug] [Thread-2 (]: Using postgres connection "test.instacart_pipeline.accepted_values_stg_order_products_train_reordered__0__1.3d4e51291b"
[0m12:57:24.463376 [debug] [Thread-4 (]: On test.instacart_pipeline.not_null_stg_aisles_aisle.1e9408cffa: ROLLBACK
[0m12:57:24.464701 [debug] [Thread-1 (]: On test.instacart_pipeline.accepted_values_stg_order_products_prior_reordered__0__1.42c011b295: /* {"app": "dbt", "dbt_version": "1.8.2", "profile_name": "instacart_pipeline", "target_name": "dev", "node_id": "test.instacart_pipeline.accepted_values_stg_order_products_prior_reordered__0__1.42c011b295"} */
select
      count(*) as failures,
      count(*) != 0 as should_warn,
      count(*) != 0 as should_error
    from (
      
    
    

with all_values as (

    select
        reordered as value_field,
        count(*) as n_records

    from "instacart"."dbt_dev"."stg_order_products_prior"
    group by reordered

)

select *
from all_values
where value_field not in (
    '0','1'
)



      
    ) dbt_internal_test
[0m12:57:24.466064 [debug] [Thread-2 (]: On test.instacart_pipeline.accepted_values_stg_order_products_train_reordered__0__1.3d4e51291b: /* {"app": "dbt", "dbt_version": "1.8.2", "profile_name": "instacart_pipeline", "target_name": "dev", "node_id": "test.instacart_pipeline.accepted_values_stg_order_products_train_reordered__0__1.3d4e51291b"} */
select
      count(*) as failures,
      count(*) != 0 as should_warn,
      count(*) != 0 as should_error
    from (
      
    
    

with all_values as (

    select
        reordered as value_field,
        count(*) as n_records

    from "instacart"."dbt_dev"."stg_order_products_train"
    group by reordered

)

select *
from all_values
where value_field not in (
    '0','1'
)



      
    ) dbt_internal_test
[0m12:57:24.467479 [debug] [Thread-4 (]: On test.instacart_pipeline.not_null_stg_aisles_aisle.1e9408cffa: Close
[0m12:57:24.470265 [info ] [Thread-4 (]: 4 of 26 PASS not_null_stg_aisles_aisle ......................................... [[32mPASS[0m in 0.16s]
[0m12:57:24.474782 [debug] [Thread-4 (]: Finished running node test.instacart_pipeline.not_null_stg_aisles_aisle.1e9408cffa
[0m12:57:24.477063 [debug] [Thread-4 (]: Began running node test.instacart_pipeline.not_null_stg_aisles_aisle_id.33a6bdd00b
[0m12:57:24.478847 [info ] [Thread-4 (]: 5 of 26 START test not_null_stg_aisles_aisle_id ................................ [RUN]
[0m12:57:24.480843 [debug] [Thread-4 (]: Re-using an available connection from the pool (formerly test.instacart_pipeline.not_null_stg_aisles_aisle.1e9408cffa, now test.instacart_pipeline.not_null_stg_aisles_aisle_id.33a6bdd00b)
[0m12:57:24.482422 [debug] [Thread-4 (]: Began compiling node test.instacart_pipeline.not_null_stg_aisles_aisle_id.33a6bdd00b
[0m12:57:24.492914 [debug] [Thread-4 (]: Writing injected SQL for node "test.instacart_pipeline.not_null_stg_aisles_aisle_id.33a6bdd00b"
[0m12:57:24.510980 [debug] [Thread-4 (]: Began executing node test.instacart_pipeline.not_null_stg_aisles_aisle_id.33a6bdd00b
[0m12:57:24.519017 [debug] [Thread-4 (]: Writing runtime sql for node "test.instacart_pipeline.not_null_stg_aisles_aisle_id.33a6bdd00b"
[0m12:57:24.536548 [debug] [Thread-4 (]: Using postgres connection "test.instacart_pipeline.not_null_stg_aisles_aisle_id.33a6bdd00b"
[0m12:57:24.538850 [debug] [Thread-4 (]: On test.instacart_pipeline.not_null_stg_aisles_aisle_id.33a6bdd00b: BEGIN
[0m12:57:24.541997 [debug] [Thread-4 (]: Opening a new connection, currently in state closed
[0m12:57:24.556111 [debug] [Thread-4 (]: SQL status: BEGIN in 0.014 seconds
[0m12:57:24.558759 [debug] [Thread-4 (]: Using postgres connection "test.instacart_pipeline.not_null_stg_aisles_aisle_id.33a6bdd00b"
[0m12:57:24.560822 [debug] [Thread-4 (]: On test.instacart_pipeline.not_null_stg_aisles_aisle_id.33a6bdd00b: /* {"app": "dbt", "dbt_version": "1.8.2", "profile_name": "instacart_pipeline", "target_name": "dev", "node_id": "test.instacart_pipeline.not_null_stg_aisles_aisle_id.33a6bdd00b"} */
select
      count(*) as failures,
      count(*) != 0 as should_warn,
      count(*) != 0 as should_error
    from (
      
    
    



select aisle_id
from "instacart"."dbt_dev"."stg_aisles"
where aisle_id is null



      
    ) dbt_internal_test
[0m12:57:24.564159 [debug] [Thread-4 (]: SQL status: SELECT 1 in 0.002 seconds
[0m12:57:24.567487 [debug] [Thread-4 (]: On test.instacart_pipeline.not_null_stg_aisles_aisle_id.33a6bdd00b: ROLLBACK
[0m12:57:24.569471 [debug] [Thread-4 (]: On test.instacart_pipeline.not_null_stg_aisles_aisle_id.33a6bdd00b: Close
[0m12:57:24.571531 [info ] [Thread-4 (]: 5 of 26 PASS not_null_stg_aisles_aisle_id ...................................... [[32mPASS[0m in 0.09s]
[0m12:57:24.576149 [debug] [Thread-4 (]: Finished running node test.instacart_pipeline.not_null_stg_aisles_aisle_id.33a6bdd00b
[0m12:57:24.579740 [debug] [Thread-4 (]: Began running node test.instacart_pipeline.not_null_stg_departments_department.be1a41e17d
[0m12:57:24.582018 [info ] [Thread-4 (]: 6 of 26 START test not_null_stg_departments_department ......................... [RUN]
[0m12:57:24.584458 [debug] [Thread-4 (]: Re-using an available connection from the pool (formerly test.instacart_pipeline.not_null_stg_aisles_aisle_id.33a6bdd00b, now test.instacart_pipeline.not_null_stg_departments_department.be1a41e17d)
[0m12:57:24.586217 [debug] [Thread-4 (]: Began compiling node test.instacart_pipeline.not_null_stg_departments_department.be1a41e17d
[0m12:57:24.595932 [debug] [Thread-4 (]: Writing injected SQL for node "test.instacart_pipeline.not_null_stg_departments_department.be1a41e17d"
[0m12:57:24.613950 [debug] [Thread-4 (]: Began executing node test.instacart_pipeline.not_null_stg_departments_department.be1a41e17d
[0m12:57:24.619722 [debug] [Thread-4 (]: Writing runtime sql for node "test.instacart_pipeline.not_null_stg_departments_department.be1a41e17d"
[0m12:57:24.636643 [debug] [Thread-4 (]: Using postgres connection "test.instacart_pipeline.not_null_stg_departments_department.be1a41e17d"
[0m12:57:24.638548 [debug] [Thread-4 (]: On test.instacart_pipeline.not_null_stg_departments_department.be1a41e17d: BEGIN
[0m12:57:24.641540 [debug] [Thread-4 (]: Opening a new connection, currently in state closed
[0m12:57:24.668256 [debug] [Thread-4 (]: SQL status: BEGIN in 0.027 seconds
[0m12:57:24.670384 [debug] [Thread-4 (]: Using postgres connection "test.instacart_pipeline.not_null_stg_departments_department.be1a41e17d"
[0m12:57:24.671975 [debug] [Thread-4 (]: On test.instacart_pipeline.not_null_stg_departments_department.be1a41e17d: /* {"app": "dbt", "dbt_version": "1.8.2", "profile_name": "instacart_pipeline", "target_name": "dev", "node_id": "test.instacart_pipeline.not_null_stg_departments_department.be1a41e17d"} */
select
      count(*) as failures,
      count(*) != 0 as should_warn,
      count(*) != 0 as should_error
    from (
      
    
    



select department
from "instacart"."dbt_dev"."stg_departments"
where department is null



      
    ) dbt_internal_test
[0m12:57:24.684389 [debug] [Thread-4 (]: SQL status: SELECT 1 in 0.010 seconds
[0m12:57:24.694843 [debug] [Thread-4 (]: On test.instacart_pipeline.not_null_stg_departments_department.be1a41e17d: ROLLBACK
[0m12:57:24.697162 [debug] [Thread-4 (]: On test.instacart_pipeline.not_null_stg_departments_department.be1a41e17d: Close
[0m12:57:24.699359 [info ] [Thread-4 (]: 6 of 26 PASS not_null_stg_departments_department ............................... [[32mPASS[0m in 0.12s]
[0m12:57:24.701825 [debug] [Thread-4 (]: Finished running node test.instacart_pipeline.not_null_stg_departments_department.be1a41e17d
[0m12:57:24.703586 [debug] [Thread-4 (]: Began running node test.instacart_pipeline.not_null_stg_departments_department_id.ce7f6f5cf8
[0m12:57:24.705586 [info ] [Thread-4 (]: 7 of 26 START test not_null_stg_departments_department_id ...................... [RUN]
[0m12:57:24.707803 [debug] [Thread-4 (]: Re-using an available connection from the pool (formerly test.instacart_pipeline.not_null_stg_departments_department.be1a41e17d, now test.instacart_pipeline.not_null_stg_departments_department_id.ce7f6f5cf8)
[0m12:57:24.712203 [debug] [Thread-4 (]: Began compiling node test.instacart_pipeline.not_null_stg_departments_department_id.ce7f6f5cf8
[0m12:57:24.718781 [debug] [Thread-4 (]: Writing injected SQL for node "test.instacart_pipeline.not_null_stg_departments_department_id.ce7f6f5cf8"
[0m12:57:24.735589 [debug] [Thread-4 (]: Began executing node test.instacart_pipeline.not_null_stg_departments_department_id.ce7f6f5cf8
[0m12:57:24.741880 [debug] [Thread-4 (]: Writing runtime sql for node "test.instacart_pipeline.not_null_stg_departments_department_id.ce7f6f5cf8"
[0m12:57:24.756222 [debug] [Thread-4 (]: Using postgres connection "test.instacart_pipeline.not_null_stg_departments_department_id.ce7f6f5cf8"
[0m12:57:24.759357 [debug] [Thread-4 (]: On test.instacart_pipeline.not_null_stg_departments_department_id.ce7f6f5cf8: BEGIN
[0m12:57:24.762180 [debug] [Thread-4 (]: Opening a new connection, currently in state closed
[0m12:57:24.772918 [debug] [Thread-4 (]: SQL status: BEGIN in 0.011 seconds
[0m12:57:24.775192 [debug] [Thread-4 (]: Using postgres connection "test.instacart_pipeline.not_null_stg_departments_department_id.ce7f6f5cf8"
[0m12:57:24.777632 [debug] [Thread-4 (]: On test.instacart_pipeline.not_null_stg_departments_department_id.ce7f6f5cf8: /* {"app": "dbt", "dbt_version": "1.8.2", "profile_name": "instacart_pipeline", "target_name": "dev", "node_id": "test.instacart_pipeline.not_null_stg_departments_department_id.ce7f6f5cf8"} */
select
      count(*) as failures,
      count(*) != 0 as should_warn,
      count(*) != 0 as should_error
    from (
      
    
    



select department_id
from "instacart"."dbt_dev"."stg_departments"
where department_id is null



      
    ) dbt_internal_test
[0m12:57:24.781308 [debug] [Thread-4 (]: SQL status: SELECT 1 in 0.001 seconds
[0m12:57:24.784805 [debug] [Thread-4 (]: On test.instacart_pipeline.not_null_stg_departments_department_id.ce7f6f5cf8: ROLLBACK
[0m12:57:24.786911 [debug] [Thread-4 (]: On test.instacart_pipeline.not_null_stg_departments_department_id.ce7f6f5cf8: Close
[0m12:57:24.788678 [info ] [Thread-4 (]: 7 of 26 PASS not_null_stg_departments_department_id ............................ [[32mPASS[0m in 0.08s]
[0m12:57:24.790580 [debug] [Thread-4 (]: Finished running node test.instacart_pipeline.not_null_stg_departments_department_id.ce7f6f5cf8
[0m12:57:24.795359 [debug] [Thread-4 (]: Began running node test.instacart_pipeline.not_null_stg_order_products_prior_order_id.f95cb90f0a
[0m12:57:24.798441 [info ] [Thread-4 (]: 8 of 26 START test not_null_stg_order_products_prior_order_id .................. [RUN]
[0m12:57:24.800551 [debug] [Thread-4 (]: Re-using an available connection from the pool (formerly test.instacart_pipeline.not_null_stg_departments_department_id.ce7f6f5cf8, now test.instacart_pipeline.not_null_stg_order_products_prior_order_id.f95cb90f0a)
[0m12:57:24.802066 [debug] [Thread-4 (]: Began compiling node test.instacart_pipeline.not_null_stg_order_products_prior_order_id.f95cb90f0a
[0m12:57:24.812785 [debug] [Thread-4 (]: Writing injected SQL for node "test.instacart_pipeline.not_null_stg_order_products_prior_order_id.f95cb90f0a"
[0m12:57:24.829614 [debug] [Thread-4 (]: Began executing node test.instacart_pipeline.not_null_stg_order_products_prior_order_id.f95cb90f0a
[0m12:57:24.836611 [debug] [Thread-4 (]: Writing runtime sql for node "test.instacart_pipeline.not_null_stg_order_products_prior_order_id.f95cb90f0a"
[0m12:57:24.852604 [debug] [Thread-4 (]: Using postgres connection "test.instacart_pipeline.not_null_stg_order_products_prior_order_id.f95cb90f0a"
[0m12:57:24.854351 [debug] [Thread-4 (]: On test.instacart_pipeline.not_null_stg_order_products_prior_order_id.f95cb90f0a: BEGIN
[0m12:57:24.856301 [debug] [Thread-4 (]: Opening a new connection, currently in state closed
[0m12:57:24.869380 [debug] [Thread-4 (]: SQL status: BEGIN in 0.013 seconds
[0m12:57:24.872168 [debug] [Thread-4 (]: Using postgres connection "test.instacart_pipeline.not_null_stg_order_products_prior_order_id.f95cb90f0a"
[0m12:57:24.873769 [debug] [Thread-4 (]: On test.instacart_pipeline.not_null_stg_order_products_prior_order_id.f95cb90f0a: /* {"app": "dbt", "dbt_version": "1.8.2", "profile_name": "instacart_pipeline", "target_name": "dev", "node_id": "test.instacart_pipeline.not_null_stg_order_products_prior_order_id.f95cb90f0a"} */
select
      count(*) as failures,
      count(*) != 0 as should_warn,
      count(*) != 0 as should_error
    from (
      
    
    



select order_id
from "instacart"."dbt_dev"."stg_order_products_prior"
where order_id is null



      
    ) dbt_internal_test
[0m12:57:24.897590 [debug] [Thread-2 (]: SQL status: SELECT 1 in 0.428 seconds
[0m12:57:24.901372 [debug] [Thread-2 (]: On test.instacart_pipeline.accepted_values_stg_order_products_train_reordered__0__1.3d4e51291b: ROLLBACK
[0m12:57:24.903463 [debug] [Thread-2 (]: On test.instacart_pipeline.accepted_values_stg_order_products_train_reordered__0__1.3d4e51291b: Close
[0m12:57:24.905413 [info ] [Thread-2 (]: 2 of 26 PASS accepted_values_stg_order_products_train_reordered__0__1 .......... [[32mPASS[0m in 0.60s]
[0m12:57:24.907252 [debug] [Thread-2 (]: Finished running node test.instacart_pipeline.accepted_values_stg_order_products_train_reordered__0__1.3d4e51291b
[0m12:57:24.908998 [debug] [Thread-2 (]: Began running node test.instacart_pipeline.not_null_stg_order_products_prior_product_id.9a69b5476f
[0m12:57:24.911562 [info ] [Thread-2 (]: 9 of 26 START test not_null_stg_order_products_prior_product_id ................ [RUN]
[0m12:57:24.914070 [debug] [Thread-2 (]: Re-using an available connection from the pool (formerly test.instacart_pipeline.accepted_values_stg_order_products_train_reordered__0__1.3d4e51291b, now test.instacart_pipeline.not_null_stg_order_products_prior_product_id.9a69b5476f)
[0m12:57:24.915818 [debug] [Thread-2 (]: Began compiling node test.instacart_pipeline.not_null_stg_order_products_prior_product_id.9a69b5476f
[0m12:57:24.921755 [debug] [Thread-2 (]: Writing injected SQL for node "test.instacart_pipeline.not_null_stg_order_products_prior_product_id.9a69b5476f"
[0m12:57:24.938476 [debug] [Thread-2 (]: Began executing node test.instacart_pipeline.not_null_stg_order_products_prior_product_id.9a69b5476f
[0m12:57:24.942362 [debug] [Thread-2 (]: Writing runtime sql for node "test.instacart_pipeline.not_null_stg_order_products_prior_product_id.9a69b5476f"
[0m12:57:24.958029 [debug] [Thread-2 (]: Using postgres connection "test.instacart_pipeline.not_null_stg_order_products_prior_product_id.9a69b5476f"
[0m12:57:24.959560 [debug] [Thread-2 (]: On test.instacart_pipeline.not_null_stg_order_products_prior_product_id.9a69b5476f: BEGIN
[0m12:57:24.962735 [debug] [Thread-2 (]: Opening a new connection, currently in state closed
[0m12:57:24.972851 [debug] [Thread-2 (]: SQL status: BEGIN in 0.010 seconds
[0m12:57:24.974442 [debug] [Thread-2 (]: Using postgres connection "test.instacart_pipeline.not_null_stg_order_products_prior_product_id.9a69b5476f"
[0m12:57:24.975504 [debug] [Thread-2 (]: On test.instacart_pipeline.not_null_stg_order_products_prior_product_id.9a69b5476f: /* {"app": "dbt", "dbt_version": "1.8.2", "profile_name": "instacart_pipeline", "target_name": "dev", "node_id": "test.instacart_pipeline.not_null_stg_order_products_prior_product_id.9a69b5476f"} */
select
      count(*) as failures,
      count(*) != 0 as should_warn,
      count(*) != 0 as should_error
    from (
      
    
    



select product_id
from "instacart"."dbt_dev"."stg_order_products_prior"
where product_id is null



      
    ) dbt_internal_test
[0m12:57:26.015300 [debug] [Thread-3 (]: SQL status: SELECT 1 in 1.568 seconds
[0m12:57:26.019377 [debug] [Thread-3 (]: On test.instacart_pipeline.accepted_values_stg_orders_eval_set__prior__train__test.b1d9607c8a: ROLLBACK
[0m12:57:26.021913 [debug] [Thread-3 (]: On test.instacart_pipeline.accepted_values_stg_orders_eval_set__prior__train__test.b1d9607c8a: Close
[0m12:57:26.024562 [info ] [Thread-3 (]: 3 of 26 PASS accepted_values_stg_orders_eval_set__prior__train__test ........... [[32mPASS[0m in 1.71s]
[0m12:57:26.028591 [debug] [Thread-3 (]: Finished running node test.instacart_pipeline.accepted_values_stg_orders_eval_set__prior__train__test.b1d9607c8a
[0m12:57:26.030761 [debug] [Thread-3 (]: Began running node test.instacart_pipeline.not_null_stg_order_products_prior_reordered.7258487c1b
[0m12:57:26.032666 [info ] [Thread-3 (]: 10 of 26 START test not_null_stg_order_products_prior_reordered ................ [RUN]
[0m12:57:26.035695 [debug] [Thread-3 (]: Re-using an available connection from the pool (formerly test.instacart_pipeline.accepted_values_stg_orders_eval_set__prior__train__test.b1d9607c8a, now test.instacart_pipeline.not_null_stg_order_products_prior_reordered.7258487c1b)
[0m12:57:26.037964 [debug] [Thread-3 (]: Began compiling node test.instacart_pipeline.not_null_stg_order_products_prior_reordered.7258487c1b
[0m12:57:26.047809 [debug] [Thread-3 (]: Writing injected SQL for node "test.instacart_pipeline.not_null_stg_order_products_prior_reordered.7258487c1b"
[0m12:57:26.066838 [debug] [Thread-3 (]: Began executing node test.instacart_pipeline.not_null_stg_order_products_prior_reordered.7258487c1b
[0m12:57:26.071805 [debug] [Thread-3 (]: Writing runtime sql for node "test.instacart_pipeline.not_null_stg_order_products_prior_reordered.7258487c1b"
[0m12:57:26.090421 [debug] [Thread-3 (]: Using postgres connection "test.instacart_pipeline.not_null_stg_order_products_prior_reordered.7258487c1b"
[0m12:57:26.092963 [debug] [Thread-3 (]: On test.instacart_pipeline.not_null_stg_order_products_prior_reordered.7258487c1b: BEGIN
[0m12:57:26.094881 [debug] [Thread-3 (]: Opening a new connection, currently in state closed
[0m12:57:26.144041 [debug] [Thread-3 (]: SQL status: BEGIN in 0.049 seconds
[0m12:57:26.146083 [debug] [Thread-3 (]: Using postgres connection "test.instacart_pipeline.not_null_stg_order_products_prior_reordered.7258487c1b"
[0m12:57:26.147872 [debug] [Thread-3 (]: On test.instacart_pipeline.not_null_stg_order_products_prior_reordered.7258487c1b: /* {"app": "dbt", "dbt_version": "1.8.2", "profile_name": "instacart_pipeline", "target_name": "dev", "node_id": "test.instacart_pipeline.not_null_stg_order_products_prior_reordered.7258487c1b"} */
select
      count(*) as failures,
      count(*) != 0 as should_warn,
      count(*) != 0 as should_error
    from (
      
    
    



select reordered
from "instacart"."dbt_dev"."stg_order_products_prior"
where reordered is null



      
    ) dbt_internal_test
[0m12:57:36.982841 [debug] [Thread-4 (]: SQL status: SELECT 1 in 12.064 seconds
[0m12:57:36.980781 [debug] [Thread-2 (]: SQL status: SELECT 1 in 11.976 seconds
[0m12:57:36.987961 [debug] [Thread-1 (]: SQL status: SELECT 1 in 12.473 seconds
[0m12:57:37.073498 [debug] [Thread-2 (]: On test.instacart_pipeline.not_null_stg_order_products_prior_product_id.9a69b5476f: ROLLBACK
[0m12:57:37.075014 [debug] [Thread-4 (]: On test.instacart_pipeline.not_null_stg_order_products_prior_order_id.f95cb90f0a: ROLLBACK
[0m12:57:37.081458 [debug] [Thread-1 (]: On test.instacart_pipeline.accepted_values_stg_order_products_prior_reordered__0__1.42c011b295: ROLLBACK
[0m12:57:37.086620 [debug] [Thread-2 (]: On test.instacart_pipeline.not_null_stg_order_products_prior_product_id.9a69b5476f: Close
[0m12:57:37.091814 [debug] [Thread-4 (]: On test.instacart_pipeline.not_null_stg_order_products_prior_order_id.f95cb90f0a: Close
[0m12:57:37.092984 [debug] [Thread-1 (]: On test.instacart_pipeline.accepted_values_stg_order_products_prior_reordered__0__1.42c011b295: Close
[0m12:57:37.111686 [info ] [Thread-2 (]: 9 of 26 PASS not_null_stg_order_products_prior_product_id ...................... [[32mPASS[0m in 12.19s]
[0m12:57:37.116258 [info ] [Thread-4 (]: 8 of 26 PASS not_null_stg_order_products_prior_order_id ........................ [[32mPASS[0m in 12.32s]
[0m12:57:37.121623 [info ] [Thread-1 (]: 1 of 26 PASS accepted_values_stg_order_products_prior_reordered__0__1 .......... [[32mPASS[0m in 12.81s]
[0m12:57:37.129990 [debug] [Thread-2 (]: Finished running node test.instacart_pipeline.not_null_stg_order_products_prior_product_id.9a69b5476f
[0m12:57:37.132407 [debug] [Thread-4 (]: Finished running node test.instacart_pipeline.not_null_stg_order_products_prior_order_id.f95cb90f0a
[0m12:57:37.136370 [debug] [Thread-1 (]: Finished running node test.instacart_pipeline.accepted_values_stg_order_products_prior_reordered__0__1.42c011b295
[0m12:57:37.145264 [debug] [Thread-2 (]: Began running node test.instacart_pipeline.not_null_stg_order_products_train_order_id.772ab7b23a
[0m12:57:37.155570 [debug] [Thread-4 (]: Began running node test.instacart_pipeline.not_null_stg_order_products_train_product_id.4e41c5f500
[0m12:57:37.160407 [debug] [Thread-1 (]: Began running node test.instacart_pipeline.not_null_stg_order_products_train_reordered.5c35643466
[0m12:57:37.164324 [info ] [Thread-2 (]: 11 of 26 START test not_null_stg_order_products_train_order_id ................. [RUN]
[0m12:57:37.167403 [info ] [Thread-4 (]: 12 of 26 START test not_null_stg_order_products_train_product_id ............... [RUN]
[0m12:57:37.171263 [info ] [Thread-1 (]: 13 of 26 START test not_null_stg_order_products_train_reordered ................ [RUN]
[0m12:57:37.177565 [debug] [Thread-2 (]: Re-using an available connection from the pool (formerly test.instacart_pipeline.not_null_stg_order_products_prior_product_id.9a69b5476f, now test.instacart_pipeline.not_null_stg_order_products_train_order_id.772ab7b23a)
[0m12:57:37.181090 [debug] [Thread-4 (]: Re-using an available connection from the pool (formerly test.instacart_pipeline.not_null_stg_order_products_prior_order_id.f95cb90f0a, now test.instacart_pipeline.not_null_stg_order_products_train_product_id.4e41c5f500)
[0m12:57:37.183992 [debug] [Thread-1 (]: Re-using an available connection from the pool (formerly test.instacart_pipeline.accepted_values_stg_order_products_prior_reordered__0__1.42c011b295, now test.instacart_pipeline.not_null_stg_order_products_train_reordered.5c35643466)
[0m12:57:37.187010 [debug] [Thread-2 (]: Began compiling node test.instacart_pipeline.not_null_stg_order_products_train_order_id.772ab7b23a
[0m12:57:37.192317 [debug] [Thread-4 (]: Began compiling node test.instacart_pipeline.not_null_stg_order_products_train_product_id.4e41c5f500
[0m12:57:37.195248 [debug] [Thread-1 (]: Began compiling node test.instacart_pipeline.not_null_stg_order_products_train_reordered.5c35643466
[0m12:57:37.316473 [debug] [Thread-2 (]: Writing injected SQL for node "test.instacart_pipeline.not_null_stg_order_products_train_order_id.772ab7b23a"
[0m12:57:37.318217 [debug] [Thread-4 (]: Writing injected SQL for node "test.instacart_pipeline.not_null_stg_order_products_train_product_id.4e41c5f500"
[0m12:57:37.319385 [debug] [Thread-1 (]: Writing injected SQL for node "test.instacart_pipeline.not_null_stg_order_products_train_reordered.5c35643466"
[0m12:57:37.343148 [debug] [Thread-1 (]: Began executing node test.instacart_pipeline.not_null_stg_order_products_train_reordered.5c35643466
[0m12:57:37.346844 [debug] [Thread-4 (]: Began executing node test.instacart_pipeline.not_null_stg_order_products_train_product_id.4e41c5f500
[0m12:57:37.362518 [debug] [Thread-1 (]: Writing runtime sql for node "test.instacart_pipeline.not_null_stg_order_products_train_reordered.5c35643466"
[0m12:57:37.370107 [debug] [Thread-2 (]: Began executing node test.instacart_pipeline.not_null_stg_order_products_train_order_id.772ab7b23a
[0m12:57:37.370839 [debug] [Thread-4 (]: Writing runtime sql for node "test.instacart_pipeline.not_null_stg_order_products_train_product_id.4e41c5f500"
[0m12:57:37.398220 [debug] [Thread-2 (]: Writing runtime sql for node "test.instacart_pipeline.not_null_stg_order_products_train_order_id.772ab7b23a"
[0m12:57:37.414048 [debug] [Thread-1 (]: Using postgres connection "test.instacart_pipeline.not_null_stg_order_products_train_reordered.5c35643466"
[0m12:57:37.417861 [debug] [Thread-1 (]: On test.instacart_pipeline.not_null_stg_order_products_train_reordered.5c35643466: BEGIN
[0m12:57:37.419251 [debug] [Thread-2 (]: Using postgres connection "test.instacart_pipeline.not_null_stg_order_products_train_order_id.772ab7b23a"
[0m12:57:37.423187 [debug] [Thread-1 (]: Opening a new connection, currently in state closed
[0m12:57:37.428994 [debug] [Thread-2 (]: On test.instacart_pipeline.not_null_stg_order_products_train_order_id.772ab7b23a: BEGIN
[0m12:57:37.430254 [debug] [Thread-4 (]: Using postgres connection "test.instacart_pipeline.not_null_stg_order_products_train_product_id.4e41c5f500"
[0m12:57:37.439795 [debug] [Thread-2 (]: Opening a new connection, currently in state closed
[0m12:57:37.447322 [debug] [Thread-4 (]: On test.instacart_pipeline.not_null_stg_order_products_train_product_id.4e41c5f500: BEGIN
[0m12:57:37.452507 [debug] [Thread-4 (]: Opening a new connection, currently in state closed
[0m12:57:37.479744 [debug] [Thread-1 (]: SQL status: BEGIN in 0.057 seconds
[0m12:57:37.480828 [debug] [Thread-2 (]: SQL status: BEGIN in 0.041 seconds
[0m12:57:37.483395 [debug] [Thread-1 (]: Using postgres connection "test.instacart_pipeline.not_null_stg_order_products_train_reordered.5c35643466"
[0m12:57:37.486820 [debug] [Thread-2 (]: Using postgres connection "test.instacart_pipeline.not_null_stg_order_products_train_order_id.772ab7b23a"
[0m12:57:37.488583 [debug] [Thread-4 (]: SQL status: BEGIN in 0.036 seconds
[0m12:57:37.489675 [debug] [Thread-1 (]: On test.instacart_pipeline.not_null_stg_order_products_train_reordered.5c35643466: /* {"app": "dbt", "dbt_version": "1.8.2", "profile_name": "instacart_pipeline", "target_name": "dev", "node_id": "test.instacart_pipeline.not_null_stg_order_products_train_reordered.5c35643466"} */
select
      count(*) as failures,
      count(*) != 0 as should_warn,
      count(*) != 0 as should_error
    from (
      
    
    



select reordered
from "instacart"."dbt_dev"."stg_order_products_train"
where reordered is null



      
    ) dbt_internal_test
[0m12:57:37.493716 [debug] [Thread-2 (]: On test.instacart_pipeline.not_null_stg_order_products_train_order_id.772ab7b23a: /* {"app": "dbt", "dbt_version": "1.8.2", "profile_name": "instacart_pipeline", "target_name": "dev", "node_id": "test.instacart_pipeline.not_null_stg_order_products_train_order_id.772ab7b23a"} */
select
      count(*) as failures,
      count(*) != 0 as should_warn,
      count(*) != 0 as should_error
    from (
      
    
    



select order_id
from "instacart"."dbt_dev"."stg_order_products_train"
where order_id is null



      
    ) dbt_internal_test
[0m12:57:37.496619 [debug] [Thread-4 (]: Using postgres connection "test.instacart_pipeline.not_null_stg_order_products_train_product_id.4e41c5f500"
[0m12:57:37.502959 [debug] [Thread-4 (]: On test.instacart_pipeline.not_null_stg_order_products_train_product_id.4e41c5f500: /* {"app": "dbt", "dbt_version": "1.8.2", "profile_name": "instacart_pipeline", "target_name": "dev", "node_id": "test.instacart_pipeline.not_null_stg_order_products_train_product_id.4e41c5f500"} */
select
      count(*) as failures,
      count(*) != 0 as should_warn,
      count(*) != 0 as should_error
    from (
      
    
    



select product_id
from "instacart"."dbt_dev"."stg_order_products_train"
where product_id is null



      
    ) dbt_internal_test
[0m12:57:38.320458 [debug] [Thread-4 (]: SQL status: SELECT 1 in 0.813 seconds
[0m12:57:38.322299 [debug] [Thread-2 (]: SQL status: SELECT 1 in 0.821 seconds
[0m12:57:38.323253 [debug] [Thread-1 (]: SQL status: SELECT 1 in 0.824 seconds
[0m12:57:38.330158 [debug] [Thread-4 (]: On test.instacart_pipeline.not_null_stg_order_products_train_product_id.4e41c5f500: ROLLBACK
[0m12:57:38.338026 [debug] [Thread-2 (]: On test.instacart_pipeline.not_null_stg_order_products_train_order_id.772ab7b23a: ROLLBACK
[0m12:57:38.347750 [debug] [Thread-1 (]: On test.instacart_pipeline.not_null_stg_order_products_train_reordered.5c35643466: ROLLBACK
[0m12:57:38.352238 [debug] [Thread-4 (]: On test.instacart_pipeline.not_null_stg_order_products_train_product_id.4e41c5f500: Close
[0m12:57:38.354052 [debug] [Thread-2 (]: On test.instacart_pipeline.not_null_stg_order_products_train_order_id.772ab7b23a: Close
[0m12:57:38.355937 [debug] [Thread-1 (]: On test.instacart_pipeline.not_null_stg_order_products_train_reordered.5c35643466: Close
[0m12:57:38.361631 [info ] [Thread-4 (]: 12 of 26 PASS not_null_stg_order_products_train_product_id ..................... [[32mPASS[0m in 1.18s]
[0m12:57:38.374084 [info ] [Thread-2 (]: 11 of 26 PASS not_null_stg_order_products_train_order_id ....................... [[32mPASS[0m in 1.20s]
[0m12:57:38.389179 [info ] [Thread-1 (]: 13 of 26 PASS not_null_stg_order_products_train_reordered ...................... [[32mPASS[0m in 1.21s]
[0m12:57:38.398316 [debug] [Thread-4 (]: Finished running node test.instacart_pipeline.not_null_stg_order_products_train_product_id.4e41c5f500
[0m12:57:38.403381 [debug] [Thread-2 (]: Finished running node test.instacart_pipeline.not_null_stg_order_products_train_order_id.772ab7b23a
[0m12:57:38.408182 [debug] [Thread-1 (]: Finished running node test.instacart_pipeline.not_null_stg_order_products_train_reordered.5c35643466
[0m12:57:38.412764 [debug] [Thread-4 (]: Began running node test.instacart_pipeline.not_null_stg_orders_order_dow.8309d11f77
[0m12:57:38.419473 [debug] [Thread-2 (]: Began running node test.instacart_pipeline.not_null_stg_orders_order_hour_of_day.ff99cdf58a
[0m12:57:38.424838 [debug] [Thread-1 (]: Began running node test.instacart_pipeline.not_null_stg_orders_order_id.81cfe2fe64
[0m12:57:38.429505 [info ] [Thread-4 (]: 14 of 26 START test not_null_stg_orders_order_dow .............................. [RUN]
[0m12:57:38.457579 [info ] [Thread-2 (]: 15 of 26 START test not_null_stg_orders_order_hour_of_day ...................... [RUN]
[0m12:57:38.473066 [info ] [Thread-1 (]: 16 of 26 START test not_null_stg_orders_order_id ............................... [RUN]
[0m12:57:38.478482 [debug] [Thread-4 (]: Re-using an available connection from the pool (formerly test.instacart_pipeline.not_null_stg_order_products_train_product_id.4e41c5f500, now test.instacart_pipeline.not_null_stg_orders_order_dow.8309d11f77)
[0m12:57:38.491588 [debug] [Thread-2 (]: Re-using an available connection from the pool (formerly test.instacart_pipeline.not_null_stg_order_products_train_order_id.772ab7b23a, now test.instacart_pipeline.not_null_stg_orders_order_hour_of_day.ff99cdf58a)
[0m12:57:38.494733 [debug] [Thread-1 (]: Re-using an available connection from the pool (formerly test.instacart_pipeline.not_null_stg_order_products_train_reordered.5c35643466, now test.instacart_pipeline.not_null_stg_orders_order_id.81cfe2fe64)
[0m12:57:38.502693 [debug] [Thread-4 (]: Began compiling node test.instacart_pipeline.not_null_stg_orders_order_dow.8309d11f77
[0m12:57:38.505845 [debug] [Thread-2 (]: Began compiling node test.instacart_pipeline.not_null_stg_orders_order_hour_of_day.ff99cdf58a
[0m12:57:38.508501 [debug] [Thread-1 (]: Began compiling node test.instacart_pipeline.not_null_stg_orders_order_id.81cfe2fe64
[0m12:57:38.526235 [debug] [Thread-4 (]: Writing injected SQL for node "test.instacart_pipeline.not_null_stg_orders_order_dow.8309d11f77"
[0m12:57:38.548475 [debug] [Thread-2 (]: Writing injected SQL for node "test.instacart_pipeline.not_null_stg_orders_order_hour_of_day.ff99cdf58a"
[0m12:57:38.567267 [debug] [Thread-1 (]: Writing injected SQL for node "test.instacart_pipeline.not_null_stg_orders_order_id.81cfe2fe64"
[0m12:57:38.639994 [debug] [Thread-2 (]: Began executing node test.instacart_pipeline.not_null_stg_orders_order_hour_of_day.ff99cdf58a
[0m12:57:38.654910 [debug] [Thread-2 (]: Writing runtime sql for node "test.instacart_pipeline.not_null_stg_orders_order_hour_of_day.ff99cdf58a"
[0m12:57:38.657074 [debug] [Thread-1 (]: Began executing node test.instacart_pipeline.not_null_stg_orders_order_id.81cfe2fe64
[0m12:57:38.666856 [debug] [Thread-4 (]: Began executing node test.instacart_pipeline.not_null_stg_orders_order_dow.8309d11f77
[0m12:57:38.667752 [debug] [Thread-1 (]: Writing runtime sql for node "test.instacart_pipeline.not_null_stg_orders_order_id.81cfe2fe64"
[0m12:57:38.675257 [debug] [Thread-4 (]: Writing runtime sql for node "test.instacart_pipeline.not_null_stg_orders_order_dow.8309d11f77"
[0m12:57:38.694523 [debug] [Thread-1 (]: Using postgres connection "test.instacart_pipeline.not_null_stg_orders_order_id.81cfe2fe64"
[0m12:57:38.696092 [debug] [Thread-2 (]: Using postgres connection "test.instacart_pipeline.not_null_stg_orders_order_hour_of_day.ff99cdf58a"
[0m12:57:38.698940 [debug] [Thread-1 (]: On test.instacart_pipeline.not_null_stg_orders_order_id.81cfe2fe64: BEGIN
[0m12:57:38.700495 [debug] [Thread-4 (]: Using postgres connection "test.instacart_pipeline.not_null_stg_orders_order_dow.8309d11f77"
[0m12:57:38.703312 [debug] [Thread-2 (]: On test.instacart_pipeline.not_null_stg_orders_order_hour_of_day.ff99cdf58a: BEGIN
[0m12:57:38.705969 [debug] [Thread-1 (]: Opening a new connection, currently in state closed
[0m12:57:38.707978 [debug] [Thread-4 (]: On test.instacart_pipeline.not_null_stg_orders_order_dow.8309d11f77: BEGIN
[0m12:57:38.709822 [debug] [Thread-2 (]: Opening a new connection, currently in state closed
[0m12:57:38.714475 [debug] [Thread-4 (]: Opening a new connection, currently in state closed
[0m12:57:38.744478 [debug] [Thread-1 (]: SQL status: BEGIN in 0.038 seconds
[0m12:57:38.745850 [debug] [Thread-2 (]: SQL status: BEGIN in 0.036 seconds
[0m12:57:38.747926 [debug] [Thread-1 (]: Using postgres connection "test.instacart_pipeline.not_null_stg_orders_order_id.81cfe2fe64"
[0m12:57:38.751098 [debug] [Thread-2 (]: Using postgres connection "test.instacart_pipeline.not_null_stg_orders_order_hour_of_day.ff99cdf58a"
[0m12:57:38.752197 [debug] [Thread-4 (]: SQL status: BEGIN in 0.038 seconds
[0m12:57:38.753983 [debug] [Thread-1 (]: On test.instacart_pipeline.not_null_stg_orders_order_id.81cfe2fe64: /* {"app": "dbt", "dbt_version": "1.8.2", "profile_name": "instacart_pipeline", "target_name": "dev", "node_id": "test.instacart_pipeline.not_null_stg_orders_order_id.81cfe2fe64"} */
select
      count(*) as failures,
      count(*) != 0 as should_warn,
      count(*) != 0 as should_error
    from (
      
    
    



select order_id
from "instacart"."dbt_dev"."stg_orders"
where order_id is null



      
    ) dbt_internal_test
[0m12:57:38.757431 [debug] [Thread-2 (]: On test.instacart_pipeline.not_null_stg_orders_order_hour_of_day.ff99cdf58a: /* {"app": "dbt", "dbt_version": "1.8.2", "profile_name": "instacart_pipeline", "target_name": "dev", "node_id": "test.instacart_pipeline.not_null_stg_orders_order_hour_of_day.ff99cdf58a"} */
select
      count(*) as failures,
      count(*) != 0 as should_warn,
      count(*) != 0 as should_error
    from (
      
    
    



select order_hour_of_day
from "instacart"."dbt_dev"."stg_orders"
where order_hour_of_day is null



      
    ) dbt_internal_test
[0m12:57:38.760349 [debug] [Thread-4 (]: Using postgres connection "test.instacart_pipeline.not_null_stg_orders_order_dow.8309d11f77"
[0m12:57:38.772774 [debug] [Thread-4 (]: On test.instacart_pipeline.not_null_stg_orders_order_dow.8309d11f77: /* {"app": "dbt", "dbt_version": "1.8.2", "profile_name": "instacart_pipeline", "target_name": "dev", "node_id": "test.instacart_pipeline.not_null_stg_orders_order_dow.8309d11f77"} */
select
      count(*) as failures,
      count(*) != 0 as should_warn,
      count(*) != 0 as should_error
    from (
      
    
    



select order_dow
from "instacart"."dbt_dev"."stg_orders"
where order_dow is null



      
    ) dbt_internal_test
[0m12:57:39.170273 [debug] [Thread-3 (]: SQL status: SELECT 1 in 13.020 seconds
[0m12:57:39.180775 [debug] [Thread-3 (]: On test.instacart_pipeline.not_null_stg_order_products_prior_reordered.7258487c1b: ROLLBACK
[0m12:57:39.189307 [debug] [Thread-3 (]: On test.instacart_pipeline.not_null_stg_order_products_prior_reordered.7258487c1b: Close
[0m12:57:39.194123 [info ] [Thread-3 (]: 10 of 26 PASS not_null_stg_order_products_prior_reordered ...................... [[32mPASS[0m in 13.16s]
[0m12:57:39.198618 [debug] [Thread-3 (]: Finished running node test.instacart_pipeline.not_null_stg_order_products_prior_reordered.7258487c1b
[0m12:57:39.208121 [debug] [Thread-3 (]: Began running node test.instacart_pipeline.not_null_stg_orders_order_number.e3102fc8d0
[0m12:57:39.212373 [info ] [Thread-3 (]: 17 of 26 START test not_null_stg_orders_order_number ........................... [RUN]
[0m12:57:39.217902 [debug] [Thread-3 (]: Re-using an available connection from the pool (formerly test.instacart_pipeline.not_null_stg_order_products_prior_reordered.7258487c1b, now test.instacart_pipeline.not_null_stg_orders_order_number.e3102fc8d0)
[0m12:57:39.225372 [debug] [Thread-3 (]: Began compiling node test.instacart_pipeline.not_null_stg_orders_order_number.e3102fc8d0
[0m12:57:39.247037 [debug] [Thread-3 (]: Writing injected SQL for node "test.instacart_pipeline.not_null_stg_orders_order_number.e3102fc8d0"
[0m12:57:39.281154 [debug] [Thread-3 (]: Began executing node test.instacart_pipeline.not_null_stg_orders_order_number.e3102fc8d0
[0m12:57:39.289893 [debug] [Thread-3 (]: Writing runtime sql for node "test.instacart_pipeline.not_null_stg_orders_order_number.e3102fc8d0"
[0m12:57:39.326062 [debug] [Thread-3 (]: Using postgres connection "test.instacart_pipeline.not_null_stg_orders_order_number.e3102fc8d0"
[0m12:57:39.328685 [debug] [Thread-3 (]: On test.instacart_pipeline.not_null_stg_orders_order_number.e3102fc8d0: BEGIN
[0m12:57:39.330838 [debug] [Thread-3 (]: Opening a new connection, currently in state closed
[0m12:57:39.373625 [debug] [Thread-3 (]: SQL status: BEGIN in 0.043 seconds
[0m12:57:39.376554 [debug] [Thread-3 (]: Using postgres connection "test.instacart_pipeline.not_null_stg_orders_order_number.e3102fc8d0"
[0m12:57:39.378912 [debug] [Thread-3 (]: On test.instacart_pipeline.not_null_stg_orders_order_number.e3102fc8d0: /* {"app": "dbt", "dbt_version": "1.8.2", "profile_name": "instacart_pipeline", "target_name": "dev", "node_id": "test.instacart_pipeline.not_null_stg_orders_order_number.e3102fc8d0"} */
select
      count(*) as failures,
      count(*) != 0 as should_warn,
      count(*) != 0 as should_error
    from (
      
    
    



select order_number
from "instacart"."dbt_dev"."stg_orders"
where order_number is null



      
    ) dbt_internal_test
[0m12:57:39.849058 [debug] [Thread-4 (]: SQL status: SELECT 1 in 1.072 seconds
[0m12:57:39.849883 [debug] [Thread-2 (]: SQL status: SELECT 1 in 1.080 seconds
[0m12:57:39.850491 [debug] [Thread-1 (]: SQL status: SELECT 1 in 1.087 seconds
[0m12:57:39.853851 [debug] [Thread-4 (]: On test.instacart_pipeline.not_null_stg_orders_order_dow.8309d11f77: ROLLBACK
[0m12:57:39.858328 [debug] [Thread-2 (]: On test.instacart_pipeline.not_null_stg_orders_order_hour_of_day.ff99cdf58a: ROLLBACK
[0m12:57:39.863260 [debug] [Thread-1 (]: On test.instacart_pipeline.not_null_stg_orders_order_id.81cfe2fe64: ROLLBACK
[0m12:57:39.866282 [debug] [Thread-4 (]: On test.instacart_pipeline.not_null_stg_orders_order_dow.8309d11f77: Close
[0m12:57:39.867591 [debug] [Thread-2 (]: On test.instacart_pipeline.not_null_stg_orders_order_hour_of_day.ff99cdf58a: Close
[0m12:57:39.869077 [debug] [Thread-1 (]: On test.instacart_pipeline.not_null_stg_orders_order_id.81cfe2fe64: Close
[0m12:57:39.871309 [info ] [Thread-4 (]: 14 of 26 PASS not_null_stg_orders_order_dow .................................... [[32mPASS[0m in 1.39s]
[0m12:57:39.873431 [info ] [Thread-2 (]: 15 of 26 PASS not_null_stg_orders_order_hour_of_day ............................ [[32mPASS[0m in 1.38s]
[0m12:57:39.881649 [info ] [Thread-1 (]: 16 of 26 PASS not_null_stg_orders_order_id ..................................... [[32mPASS[0m in 1.39s]
[0m12:57:39.883821 [debug] [Thread-4 (]: Finished running node test.instacart_pipeline.not_null_stg_orders_order_dow.8309d11f77
[0m12:57:39.886453 [debug] [Thread-2 (]: Finished running node test.instacart_pipeline.not_null_stg_orders_order_hour_of_day.ff99cdf58a
[0m12:57:39.888481 [debug] [Thread-1 (]: Finished running node test.instacart_pipeline.not_null_stg_orders_order_id.81cfe2fe64
[0m12:57:39.891151 [debug] [Thread-4 (]: Began running node test.instacart_pipeline.not_null_stg_orders_user_id.7d129d0209
[0m12:57:39.894288 [debug] [Thread-2 (]: Began running node test.instacart_pipeline.not_null_stg_products_aisle_id.2e20852131
[0m12:57:39.897094 [debug] [Thread-1 (]: Began running node test.instacart_pipeline.not_null_stg_products_department_id.465d45184f
[0m12:57:39.899641 [info ] [Thread-4 (]: 18 of 26 START test not_null_stg_orders_user_id ................................ [RUN]
[0m12:57:39.902001 [info ] [Thread-2 (]: 19 of 26 START test not_null_stg_products_aisle_id ............................. [RUN]
[0m12:57:39.904029 [info ] [Thread-1 (]: 20 of 26 START test not_null_stg_products_department_id ........................ [RUN]
[0m12:57:39.906933 [debug] [Thread-4 (]: Re-using an available connection from the pool (formerly test.instacart_pipeline.not_null_stg_orders_order_dow.8309d11f77, now test.instacart_pipeline.not_null_stg_orders_user_id.7d129d0209)
[0m12:57:39.909958 [debug] [Thread-2 (]: Re-using an available connection from the pool (formerly test.instacart_pipeline.not_null_stg_orders_order_hour_of_day.ff99cdf58a, now test.instacart_pipeline.not_null_stg_products_aisle_id.2e20852131)
[0m12:57:39.912449 [debug] [Thread-1 (]: Re-using an available connection from the pool (formerly test.instacart_pipeline.not_null_stg_orders_order_id.81cfe2fe64, now test.instacart_pipeline.not_null_stg_products_department_id.465d45184f)
[0m12:57:39.914586 [debug] [Thread-4 (]: Began compiling node test.instacart_pipeline.not_null_stg_orders_user_id.7d129d0209
[0m12:57:39.916479 [debug] [Thread-2 (]: Began compiling node test.instacart_pipeline.not_null_stg_products_aisle_id.2e20852131
[0m12:57:39.918164 [debug] [Thread-1 (]: Began compiling node test.instacart_pipeline.not_null_stg_products_department_id.465d45184f
[0m12:57:39.925484 [debug] [Thread-3 (]: SQL status: SELECT 1 in 0.544 seconds
[0m12:57:39.928386 [debug] [Thread-4 (]: Writing injected SQL for node "test.instacart_pipeline.not_null_stg_orders_user_id.7d129d0209"
[0m12:57:39.936035 [debug] [Thread-2 (]: Writing injected SQL for node "test.instacart_pipeline.not_null_stg_products_aisle_id.2e20852131"
[0m12:57:39.946431 [debug] [Thread-1 (]: Writing injected SQL for node "test.instacart_pipeline.not_null_stg_products_department_id.465d45184f"
[0m12:57:39.949998 [debug] [Thread-3 (]: On test.instacart_pipeline.not_null_stg_orders_order_number.e3102fc8d0: ROLLBACK
[0m12:57:39.954817 [debug] [Thread-3 (]: On test.instacart_pipeline.not_null_stg_orders_order_number.e3102fc8d0: Close
[0m12:57:39.956893 [info ] [Thread-3 (]: 17 of 26 PASS not_null_stg_orders_order_number ................................. [[32mPASS[0m in 0.74s]
[0m12:57:39.959927 [debug] [Thread-3 (]: Finished running node test.instacart_pipeline.not_null_stg_orders_order_number.e3102fc8d0
[0m12:57:39.962960 [debug] [Thread-3 (]: Began running node test.instacart_pipeline.not_null_stg_products_product_id.6373b0acf3
[0m12:57:39.964178 [debug] [Thread-1 (]: Began executing node test.instacart_pipeline.not_null_stg_products_department_id.465d45184f
[0m12:57:39.964891 [debug] [Thread-4 (]: Began executing node test.instacart_pipeline.not_null_stg_orders_user_id.7d129d0209
[0m12:57:39.966491 [info ] [Thread-3 (]: 21 of 26 START test not_null_stg_products_product_id ........................... [RUN]
[0m12:57:39.971862 [debug] [Thread-1 (]: Writing runtime sql for node "test.instacart_pipeline.not_null_stg_products_department_id.465d45184f"
[0m12:57:39.972762 [debug] [Thread-2 (]: Began executing node test.instacart_pipeline.not_null_stg_products_aisle_id.2e20852131
[0m12:57:39.978745 [debug] [Thread-4 (]: Writing runtime sql for node "test.instacart_pipeline.not_null_stg_orders_user_id.7d129d0209"
[0m12:57:39.981168 [debug] [Thread-3 (]: Re-using an available connection from the pool (formerly test.instacart_pipeline.not_null_stg_orders_order_number.e3102fc8d0, now test.instacart_pipeline.not_null_stg_products_product_id.6373b0acf3)
[0m12:57:39.986810 [debug] [Thread-2 (]: Writing runtime sql for node "test.instacart_pipeline.not_null_stg_products_aisle_id.2e20852131"
[0m12:57:39.990756 [debug] [Thread-3 (]: Began compiling node test.instacart_pipeline.not_null_stg_products_product_id.6373b0acf3
[0m12:57:40.001388 [debug] [Thread-3 (]: Writing injected SQL for node "test.instacart_pipeline.not_null_stg_products_product_id.6373b0acf3"
[0m12:57:40.003454 [debug] [Thread-1 (]: Using postgres connection "test.instacart_pipeline.not_null_stg_products_department_id.465d45184f"
[0m12:57:40.005646 [debug] [Thread-1 (]: On test.instacart_pipeline.not_null_stg_products_department_id.465d45184f: BEGIN
[0m12:57:40.006502 [debug] [Thread-2 (]: Using postgres connection "test.instacart_pipeline.not_null_stg_products_aisle_id.2e20852131"
[0m12:57:40.009836 [debug] [Thread-1 (]: Opening a new connection, currently in state closed
[0m12:57:40.010985 [debug] [Thread-4 (]: Using postgres connection "test.instacart_pipeline.not_null_stg_orders_user_id.7d129d0209"
[0m12:57:40.012759 [debug] [Thread-2 (]: On test.instacart_pipeline.not_null_stg_products_aisle_id.2e20852131: BEGIN
[0m12:57:40.016482 [debug] [Thread-4 (]: On test.instacart_pipeline.not_null_stg_orders_user_id.7d129d0209: BEGIN
[0m12:57:40.018651 [debug] [Thread-2 (]: Opening a new connection, currently in state closed
[0m12:57:40.020964 [debug] [Thread-4 (]: Opening a new connection, currently in state closed
[0m12:57:40.022877 [debug] [Thread-3 (]: Began executing node test.instacart_pipeline.not_null_stg_products_product_id.6373b0acf3
[0m12:57:40.027799 [debug] [Thread-1 (]: SQL status: BEGIN in 0.018 seconds
[0m12:57:40.032604 [debug] [Thread-3 (]: Writing runtime sql for node "test.instacart_pipeline.not_null_stg_products_product_id.6373b0acf3"
[0m12:57:40.036859 [debug] [Thread-1 (]: Using postgres connection "test.instacart_pipeline.not_null_stg_products_department_id.465d45184f"
[0m12:57:40.038831 [debug] [Thread-2 (]: SQL status: BEGIN in 0.020 seconds
[0m12:57:40.040374 [debug] [Thread-4 (]: SQL status: BEGIN in 0.020 seconds
[0m12:57:40.044544 [debug] [Thread-1 (]: On test.instacart_pipeline.not_null_stg_products_department_id.465d45184f: /* {"app": "dbt", "dbt_version": "1.8.2", "profile_name": "instacart_pipeline", "target_name": "dev", "node_id": "test.instacart_pipeline.not_null_stg_products_department_id.465d45184f"} */
select
      count(*) as failures,
      count(*) != 0 as should_warn,
      count(*) != 0 as should_error
    from (
      
    
    



select department_id
from "instacart"."dbt_dev"."stg_products"
where department_id is null



      
    ) dbt_internal_test
[0m12:57:40.046222 [debug] [Thread-2 (]: Using postgres connection "test.instacart_pipeline.not_null_stg_products_aisle_id.2e20852131"
[0m12:57:40.047755 [debug] [Thread-4 (]: Using postgres connection "test.instacart_pipeline.not_null_stg_orders_user_id.7d129d0209"
[0m12:57:40.050641 [debug] [Thread-2 (]: On test.instacart_pipeline.not_null_stg_products_aisle_id.2e20852131: /* {"app": "dbt", "dbt_version": "1.8.2", "profile_name": "instacart_pipeline", "target_name": "dev", "node_id": "test.instacart_pipeline.not_null_stg_products_aisle_id.2e20852131"} */
select
      count(*) as failures,
      count(*) != 0 as should_warn,
      count(*) != 0 as should_error
    from (
      
    
    



select aisle_id
from "instacart"."dbt_dev"."stg_products"
where aisle_id is null



      
    ) dbt_internal_test
[0m12:57:40.052219 [debug] [Thread-4 (]: On test.instacart_pipeline.not_null_stg_orders_user_id.7d129d0209: /* {"app": "dbt", "dbt_version": "1.8.2", "profile_name": "instacart_pipeline", "target_name": "dev", "node_id": "test.instacart_pipeline.not_null_stg_orders_user_id.7d129d0209"} */
select
      count(*) as failures,
      count(*) != 0 as should_warn,
      count(*) != 0 as should_error
    from (
      
    
    



select user_id
from "instacart"."dbt_dev"."stg_orders"
where user_id is null



      
    ) dbt_internal_test
[0m12:57:40.065050 [debug] [Thread-3 (]: Using postgres connection "test.instacart_pipeline.not_null_stg_products_product_id.6373b0acf3"
[0m12:57:40.067372 [debug] [Thread-3 (]: On test.instacart_pipeline.not_null_stg_products_product_id.6373b0acf3: BEGIN
[0m12:57:40.069120 [debug] [Thread-3 (]: Opening a new connection, currently in state closed
[0m12:57:40.090166 [debug] [Thread-3 (]: SQL status: BEGIN in 0.021 seconds
[0m12:57:40.093254 [debug] [Thread-3 (]: Using postgres connection "test.instacart_pipeline.not_null_stg_products_product_id.6373b0acf3"
[0m12:57:40.096076 [debug] [Thread-3 (]: On test.instacart_pipeline.not_null_stg_products_product_id.6373b0acf3: /* {"app": "dbt", "dbt_version": "1.8.2", "profile_name": "instacart_pipeline", "target_name": "dev", "node_id": "test.instacart_pipeline.not_null_stg_products_product_id.6373b0acf3"} */
select
      count(*) as failures,
      count(*) != 0 as should_warn,
      count(*) != 0 as should_error
    from (
      
    
    



select product_id
from "instacart"."dbt_dev"."stg_products"
where product_id is null



      
    ) dbt_internal_test
[0m12:57:40.151419 [debug] [Thread-1 (]: SQL status: SELECT 1 in 0.102 seconds
[0m12:57:40.152428 [debug] [Thread-2 (]: SQL status: SELECT 1 in 0.099 seconds
[0m12:57:40.153017 [debug] [Thread-3 (]: SQL status: SELECT 1 in 0.055 seconds
[0m12:57:40.155635 [debug] [Thread-1 (]: On test.instacart_pipeline.not_null_stg_products_department_id.465d45184f: ROLLBACK
[0m12:57:40.159419 [debug] [Thread-2 (]: On test.instacart_pipeline.not_null_stg_products_aisle_id.2e20852131: ROLLBACK
[0m12:57:40.166049 [debug] [Thread-3 (]: On test.instacart_pipeline.not_null_stg_products_product_id.6373b0acf3: ROLLBACK
[0m12:57:40.168532 [debug] [Thread-1 (]: On test.instacart_pipeline.not_null_stg_products_department_id.465d45184f: Close
[0m12:57:40.170186 [debug] [Thread-2 (]: On test.instacart_pipeline.not_null_stg_products_aisle_id.2e20852131: Close
[0m12:57:40.171641 [debug] [Thread-3 (]: On test.instacart_pipeline.not_null_stg_products_product_id.6373b0acf3: Close
[0m12:57:40.173279 [info ] [Thread-1 (]: 20 of 26 PASS not_null_stg_products_department_id .............................. [[32mPASS[0m in 0.26s]
[0m12:57:40.175018 [info ] [Thread-2 (]: 19 of 26 PASS not_null_stg_products_aisle_id ................................... [[32mPASS[0m in 0.27s]
[0m12:57:40.180049 [info ] [Thread-3 (]: 21 of 26 PASS not_null_stg_products_product_id ................................. [[32mPASS[0m in 0.20s]
[0m12:57:40.182080 [debug] [Thread-1 (]: Finished running node test.instacart_pipeline.not_null_stg_products_department_id.465d45184f
[0m12:57:40.182797 [debug] [Thread-4 (]: SQL status: SELECT 1 in 0.128 seconds
[0m12:57:40.184233 [debug] [Thread-2 (]: Finished running node test.instacart_pipeline.not_null_stg_products_aisle_id.2e20852131
[0m12:57:40.186012 [debug] [Thread-3 (]: Finished running node test.instacart_pipeline.not_null_stg_products_product_id.6373b0acf3
[0m12:57:40.187601 [debug] [Thread-1 (]: Began running node test.instacart_pipeline.not_null_stg_products_product_name.0b59e4b939
[0m12:57:40.191056 [debug] [Thread-4 (]: On test.instacart_pipeline.not_null_stg_orders_user_id.7d129d0209: ROLLBACK
[0m12:57:40.194327 [debug] [Thread-2 (]: Began running node test.instacart_pipeline.unique_stg_aisles_aisle_id.e09673d693
[0m12:57:40.196828 [debug] [Thread-3 (]: Began running node test.instacart_pipeline.unique_stg_departments_department_id.8e1b8b707b
[0m12:57:40.198677 [info ] [Thread-1 (]: 22 of 26 START test not_null_stg_products_product_name ......................... [RUN]
[0m12:57:40.200907 [debug] [Thread-4 (]: On test.instacart_pipeline.not_null_stg_orders_user_id.7d129d0209: Close
[0m12:57:40.202171 [info ] [Thread-2 (]: 23 of 26 START test unique_stg_aisles_aisle_id ................................. [RUN]
[0m12:57:40.203679 [info ] [Thread-3 (]: 24 of 26 START test unique_stg_departments_department_id ....................... [RUN]
[0m12:57:40.205207 [debug] [Thread-1 (]: Re-using an available connection from the pool (formerly test.instacart_pipeline.not_null_stg_products_department_id.465d45184f, now test.instacart_pipeline.not_null_stg_products_product_name.0b59e4b939)
[0m12:57:40.207556 [info ] [Thread-4 (]: 18 of 26 PASS not_null_stg_orders_user_id ...................................... [[32mPASS[0m in 0.30s]
[0m12:57:40.209008 [debug] [Thread-2 (]: Re-using an available connection from the pool (formerly test.instacart_pipeline.not_null_stg_products_aisle_id.2e20852131, now test.instacart_pipeline.unique_stg_aisles_aisle_id.e09673d693)
[0m12:57:40.211492 [debug] [Thread-3 (]: Re-using an available connection from the pool (formerly test.instacart_pipeline.not_null_stg_products_product_id.6373b0acf3, now test.instacart_pipeline.unique_stg_departments_department_id.8e1b8b707b)
[0m12:57:40.213393 [debug] [Thread-1 (]: Began compiling node test.instacart_pipeline.not_null_stg_products_product_name.0b59e4b939
[0m12:57:40.215156 [debug] [Thread-4 (]: Finished running node test.instacart_pipeline.not_null_stg_orders_user_id.7d129d0209
[0m12:57:40.216454 [debug] [Thread-2 (]: Began compiling node test.instacart_pipeline.unique_stg_aisles_aisle_id.e09673d693
[0m12:57:40.217750 [debug] [Thread-3 (]: Began compiling node test.instacart_pipeline.unique_stg_departments_department_id.8e1b8b707b
[0m12:57:40.223836 [debug] [Thread-1 (]: Writing injected SQL for node "test.instacart_pipeline.not_null_stg_products_product_name.0b59e4b939"
[0m12:57:40.225932 [debug] [Thread-4 (]: Began running node test.instacart_pipeline.unique_stg_orders_order_id.e3b841c71a
[0m12:57:40.241779 [debug] [Thread-2 (]: Writing injected SQL for node "test.instacart_pipeline.unique_stg_aisles_aisle_id.e09673d693"
[0m12:57:40.252275 [debug] [Thread-3 (]: Writing injected SQL for node "test.instacart_pipeline.unique_stg_departments_department_id.8e1b8b707b"
[0m12:57:40.255010 [info ] [Thread-4 (]: 25 of 26 START test unique_stg_orders_order_id ................................. [RUN]
[0m12:57:40.258644 [debug] [Thread-4 (]: Re-using an available connection from the pool (formerly test.instacart_pipeline.not_null_stg_orders_user_id.7d129d0209, now test.instacart_pipeline.unique_stg_orders_order_id.e3b841c71a)
[0m12:57:40.261444 [debug] [Thread-4 (]: Began compiling node test.instacart_pipeline.unique_stg_orders_order_id.e3b841c71a
[0m12:57:40.269065 [debug] [Thread-4 (]: Writing injected SQL for node "test.instacart_pipeline.unique_stg_orders_order_id.e3b841c71a"
[0m12:57:40.271565 [debug] [Thread-1 (]: Began executing node test.instacart_pipeline.not_null_stg_products_product_name.0b59e4b939
[0m12:57:40.272189 [debug] [Thread-3 (]: Began executing node test.instacart_pipeline.unique_stg_departments_department_id.8e1b8b707b
[0m12:57:40.283550 [debug] [Thread-1 (]: Writing runtime sql for node "test.instacart_pipeline.not_null_stg_products_product_name.0b59e4b939"
[0m12:57:40.284544 [debug] [Thread-2 (]: Began executing node test.instacart_pipeline.unique_stg_aisles_aisle_id.e09673d693
[0m12:57:41.004668 [debug] [Thread-4 (]: Began executing node test.instacart_pipeline.unique_stg_orders_order_id.e3b841c71a
[0m12:57:41.007505 [debug] [Thread-3 (]: Writing runtime sql for node "test.instacart_pipeline.unique_stg_departments_department_id.8e1b8b707b"
[0m12:57:41.012602 [debug] [Thread-2 (]: Writing runtime sql for node "test.instacart_pipeline.unique_stg_aisles_aisle_id.e09673d693"
[0m12:57:41.020945 [debug] [Thread-4 (]: Writing runtime sql for node "test.instacart_pipeline.unique_stg_orders_order_id.e3b841c71a"
[0m12:57:41.029660 [debug] [Thread-1 (]: Using postgres connection "test.instacart_pipeline.not_null_stg_products_product_name.0b59e4b939"
[0m12:57:41.032494 [debug] [Thread-1 (]: On test.instacart_pipeline.not_null_stg_products_product_name.0b59e4b939: BEGIN
[0m12:57:41.033890 [debug] [Thread-2 (]: Using postgres connection "test.instacart_pipeline.unique_stg_aisles_aisle_id.e09673d693"
[0m12:57:41.034868 [debug] [Thread-4 (]: Using postgres connection "test.instacart_pipeline.unique_stg_orders_order_id.e3b841c71a"
[0m12:57:41.037712 [debug] [Thread-1 (]: Opening a new connection, currently in state closed
[0m12:57:41.039977 [debug] [Thread-2 (]: On test.instacart_pipeline.unique_stg_aisles_aisle_id.e09673d693: BEGIN
[0m12:57:41.040815 [debug] [Thread-3 (]: Using postgres connection "test.instacart_pipeline.unique_stg_departments_department_id.8e1b8b707b"
[0m12:57:41.042303 [debug] [Thread-4 (]: On test.instacart_pipeline.unique_stg_orders_order_id.e3b841c71a: BEGIN
[0m12:57:41.045744 [debug] [Thread-2 (]: Opening a new connection, currently in state closed
[0m12:57:41.048309 [debug] [Thread-3 (]: On test.instacart_pipeline.unique_stg_departments_department_id.8e1b8b707b: BEGIN
[0m12:57:41.050968 [debug] [Thread-4 (]: Opening a new connection, currently in state closed
[0m12:57:41.055028 [debug] [Thread-3 (]: Opening a new connection, currently in state closed
[0m12:57:41.056798 [debug] [Thread-1 (]: SQL status: BEGIN in 0.019 seconds
[0m12:57:41.061085 [debug] [Thread-1 (]: Using postgres connection "test.instacart_pipeline.not_null_stg_products_product_name.0b59e4b939"
[0m12:57:41.063084 [debug] [Thread-1 (]: On test.instacart_pipeline.not_null_stg_products_product_name.0b59e4b939: /* {"app": "dbt", "dbt_version": "1.8.2", "profile_name": "instacart_pipeline", "target_name": "dev", "node_id": "test.instacart_pipeline.not_null_stg_products_product_name.0b59e4b939"} */
select
      count(*) as failures,
      count(*) != 0 as should_warn,
      count(*) != 0 as should_error
    from (
      
    
    



select product_name
from "instacart"."dbt_dev"."stg_products"
where product_name is null



      
    ) dbt_internal_test
[0m12:57:41.065373 [debug] [Thread-2 (]: SQL status: BEGIN in 0.020 seconds
[0m12:57:41.068391 [debug] [Thread-2 (]: Using postgres connection "test.instacart_pipeline.unique_stg_aisles_aisle_id.e09673d693"
[0m12:57:41.070062 [debug] [Thread-4 (]: SQL status: BEGIN in 0.019 seconds
[0m12:57:41.071517 [debug] [Thread-2 (]: On test.instacart_pipeline.unique_stg_aisles_aisle_id.e09673d693: /* {"app": "dbt", "dbt_version": "1.8.2", "profile_name": "instacart_pipeline", "target_name": "dev", "node_id": "test.instacart_pipeline.unique_stg_aisles_aisle_id.e09673d693"} */
select
      count(*) as failures,
      count(*) != 0 as should_warn,
      count(*) != 0 as should_error
    from (
      
    
    

select
    aisle_id as unique_field,
    count(*) as n_records

from "instacart"."dbt_dev"."stg_aisles"
where aisle_id is not null
group by aisle_id
having count(*) > 1



      
    ) dbt_internal_test
[0m12:57:41.072363 [debug] [Thread-3 (]: SQL status: BEGIN in 0.017 seconds
[0m12:57:41.073628 [debug] [Thread-4 (]: Using postgres connection "test.instacart_pipeline.unique_stg_orders_order_id.e3b841c71a"
[0m12:57:41.076296 [debug] [Thread-3 (]: Using postgres connection "test.instacart_pipeline.unique_stg_departments_department_id.8e1b8b707b"
[0m12:57:41.076958 [debug] [Thread-1 (]: SQL status: SELECT 1 in 0.010 seconds
[0m12:57:41.078561 [debug] [Thread-4 (]: On test.instacart_pipeline.unique_stg_orders_order_id.e3b841c71a: /* {"app": "dbt", "dbt_version": "1.8.2", "profile_name": "instacart_pipeline", "target_name": "dev", "node_id": "test.instacart_pipeline.unique_stg_orders_order_id.e3b841c71a"} */
select
      count(*) as failures,
      count(*) != 0 as should_warn,
      count(*) != 0 as should_error
    from (
      
    
    

select
    order_id as unique_field,
    count(*) as n_records

from "instacart"."dbt_dev"."stg_orders"
where order_id is not null
group by order_id
having count(*) > 1



      
    ) dbt_internal_test
[0m12:57:41.079507 [debug] [Thread-2 (]: SQL status: SELECT 1 in 0.004 seconds
[0m12:57:41.080631 [debug] [Thread-3 (]: On test.instacart_pipeline.unique_stg_departments_department_id.8e1b8b707b: /* {"app": "dbt", "dbt_version": "1.8.2", "profile_name": "instacart_pipeline", "target_name": "dev", "node_id": "test.instacart_pipeline.unique_stg_departments_department_id.8e1b8b707b"} */
select
      count(*) as failures,
      count(*) != 0 as should_warn,
      count(*) != 0 as should_error
    from (
      
    
    

select
    department_id as unique_field,
    count(*) as n_records

from "instacart"."dbt_dev"."stg_departments"
where department_id is not null
group by department_id
having count(*) > 1



      
    ) dbt_internal_test
[0m12:57:41.084438 [debug] [Thread-1 (]: On test.instacart_pipeline.not_null_stg_products_product_name.0b59e4b939: ROLLBACK
[0m12:57:41.090389 [debug] [Thread-2 (]: On test.instacart_pipeline.unique_stg_aisles_aisle_id.e09673d693: ROLLBACK
[0m12:57:41.094038 [debug] [Thread-1 (]: On test.instacart_pipeline.not_null_stg_products_product_name.0b59e4b939: Close
[0m12:57:41.095964 [debug] [Thread-3 (]: SQL status: SELECT 1 in 0.003 seconds
[0m12:57:41.096713 [debug] [Thread-2 (]: On test.instacart_pipeline.unique_stg_aisles_aisle_id.e09673d693: Close
[0m12:57:41.098428 [info ] [Thread-1 (]: 22 of 26 PASS not_null_stg_products_product_name ............................... [[32mPASS[0m in 0.89s]
[0m12:57:41.102667 [debug] [Thread-3 (]: On test.instacart_pipeline.unique_stg_departments_department_id.8e1b8b707b: ROLLBACK
[0m12:57:41.105477 [info ] [Thread-2 (]: 23 of 26 PASS unique_stg_aisles_aisle_id ....................................... [[32mPASS[0m in 0.90s]
[0m12:57:41.107232 [debug] [Thread-1 (]: Finished running node test.instacart_pipeline.not_null_stg_products_product_name.0b59e4b939
[0m12:57:41.109556 [debug] [Thread-3 (]: On test.instacart_pipeline.unique_stg_departments_department_id.8e1b8b707b: Close
[0m12:57:41.111152 [debug] [Thread-2 (]: Finished running node test.instacart_pipeline.unique_stg_aisles_aisle_id.e09673d693
[0m12:57:41.113500 [debug] [Thread-1 (]: Began running node test.instacart_pipeline.unique_stg_products_product_id.7d950a1467
[0m12:57:41.115859 [info ] [Thread-3 (]: 24 of 26 PASS unique_stg_departments_department_id ............................. [[32mPASS[0m in 0.90s]
[0m12:57:41.120684 [info ] [Thread-1 (]: 26 of 26 START test unique_stg_products_product_id ............................. [RUN]
[0m12:57:41.123776 [debug] [Thread-3 (]: Finished running node test.instacart_pipeline.unique_stg_departments_department_id.8e1b8b707b
[0m12:57:41.126019 [debug] [Thread-1 (]: Re-using an available connection from the pool (formerly test.instacart_pipeline.not_null_stg_products_product_name.0b59e4b939, now test.instacart_pipeline.unique_stg_products_product_id.7d950a1467)
[0m12:57:41.129778 [debug] [Thread-1 (]: Began compiling node test.instacart_pipeline.unique_stg_products_product_id.7d950a1467
[0m12:57:41.139978 [debug] [Thread-1 (]: Writing injected SQL for node "test.instacart_pipeline.unique_stg_products_product_id.7d950a1467"
[0m12:57:41.161910 [debug] [Thread-1 (]: Began executing node test.instacart_pipeline.unique_stg_products_product_id.7d950a1467
[0m12:57:41.166720 [debug] [Thread-1 (]: Writing runtime sql for node "test.instacart_pipeline.unique_stg_products_product_id.7d950a1467"
[0m12:57:41.182144 [debug] [Thread-1 (]: Using postgres connection "test.instacart_pipeline.unique_stg_products_product_id.7d950a1467"
[0m12:57:41.184389 [debug] [Thread-1 (]: On test.instacart_pipeline.unique_stg_products_product_id.7d950a1467: BEGIN
[0m12:57:41.186934 [debug] [Thread-1 (]: Opening a new connection, currently in state closed
[0m12:57:41.198307 [debug] [Thread-1 (]: SQL status: BEGIN in 0.011 seconds
[0m12:57:41.200158 [debug] [Thread-1 (]: Using postgres connection "test.instacart_pipeline.unique_stg_products_product_id.7d950a1467"
[0m12:57:41.203504 [debug] [Thread-1 (]: On test.instacart_pipeline.unique_stg_products_product_id.7d950a1467: /* {"app": "dbt", "dbt_version": "1.8.2", "profile_name": "instacart_pipeline", "target_name": "dev", "node_id": "test.instacart_pipeline.unique_stg_products_product_id.7d950a1467"} */
select
      count(*) as failures,
      count(*) != 0 as should_warn,
      count(*) != 0 as should_error
    from (
      
    
    

select
    product_id as unique_field,
    count(*) as n_records

from "instacart"."dbt_dev"."stg_products"
where product_id is not null
group by product_id
having count(*) > 1



      
    ) dbt_internal_test
[0m12:57:41.297371 [debug] [Thread-1 (]: SQL status: SELECT 1 in 0.090 seconds
[0m12:57:41.303687 [debug] [Thread-1 (]: On test.instacart_pipeline.unique_stg_products_product_id.7d950a1467: ROLLBACK
[0m12:57:41.307111 [debug] [Thread-1 (]: On test.instacart_pipeline.unique_stg_products_product_id.7d950a1467: Close
[0m12:57:41.310709 [info ] [Thread-1 (]: 26 of 26 PASS unique_stg_products_product_id ................................... [[32mPASS[0m in 0.18s]
[0m12:57:41.314021 [debug] [Thread-1 (]: Finished running node test.instacart_pipeline.unique_stg_products_product_id.7d950a1467
[0m12:57:46.613862 [debug] [Thread-4 (]: SQL status: SELECT 1 in 5.527 seconds
[0m12:57:46.616866 [debug] [Thread-4 (]: On test.instacart_pipeline.unique_stg_orders_order_id.e3b841c71a: ROLLBACK
[0m12:57:46.618479 [debug] [Thread-4 (]: On test.instacart_pipeline.unique_stg_orders_order_id.e3b841c71a: Close
[0m12:57:46.620517 [info ] [Thread-4 (]: 25 of 26 PASS unique_stg_orders_order_id ....................................... [[32mPASS[0m in 6.36s]
[0m12:57:46.623005 [debug] [Thread-4 (]: Finished running node test.instacart_pipeline.unique_stg_orders_order_id.e3b841c71a
[0m12:57:46.631749 [debug] [MainThread]: Using postgres connection "master"
[0m12:57:46.633594 [debug] [MainThread]: On master: BEGIN
[0m12:57:46.636315 [debug] [MainThread]: Opening a new connection, currently in state closed
[0m12:57:46.648370 [debug] [MainThread]: SQL status: BEGIN in 0.012 seconds
[0m12:57:46.650099 [debug] [MainThread]: On master: COMMIT
[0m12:57:46.651328 [debug] [MainThread]: Using postgres connection "master"
[0m12:57:46.652474 [debug] [MainThread]: On master: COMMIT
[0m12:57:46.655641 [debug] [MainThread]: SQL status: COMMIT in 0.000 seconds
[0m12:57:46.657198 [debug] [MainThread]: On master: Close
[0m12:57:46.658975 [debug] [MainThread]: Connection 'master' was properly closed.
[0m12:57:46.660150 [debug] [MainThread]: Connection 'test.instacart_pipeline.unique_stg_products_product_id.7d950a1467' was properly closed.
[0m12:57:46.661280 [debug] [MainThread]: Connection 'test.instacart_pipeline.unique_stg_aisles_aisle_id.e09673d693' was properly closed.
[0m12:57:46.662489 [debug] [MainThread]: Connection 'test.instacart_pipeline.unique_stg_departments_department_id.8e1b8b707b' was properly closed.
[0m12:57:46.663671 [debug] [MainThread]: Connection 'test.instacart_pipeline.unique_stg_orders_order_id.e3b841c71a' was properly closed.
[0m12:57:46.665471 [info ] [MainThread]: 
[0m12:57:46.667155 [info ] [MainThread]: Finished running 26 data tests in 0 hours 0 minutes and 22.45 seconds (22.45s).
[0m12:57:46.674883 [debug] [MainThread]: Command end result
[0m12:57:46.797814 [info ] [MainThread]: 
[0m12:57:46.800030 [info ] [MainThread]: [32mCompleted successfully[0m
[0m12:57:46.801754 [info ] [MainThread]: 
[0m12:57:46.803872 [info ] [MainThread]: Done. PASS=26 WARN=0 ERROR=0 SKIP=0 TOTAL=26
[0m12:57:46.818438 [debug] [MainThread]: Resource report: {"command_name": "test", "command_success": true, "command_wall_clock_time": 24.82125, "process_user_time": 4.845705, "process_kernel_time": 1.158495, "process_mem_max_rss": "124068", "process_in_blocks": "0", "process_out_blocks": "0"}
[0m12:57:46.821438 [debug] [MainThread]: Command `dbt test` succeeded at 12:57:46.821090 after 24.82 seconds
[0m12:57:46.823827 [debug] [MainThread]: Sending event: {'category': 'dbt', 'action': 'invocation', 'label': 'end', 'context': [<snowplow_tracker.self_describing_json.SelfDescribingJson object at 0x754d231c21b0>, <snowplow_tracker.self_describing_json.SelfDescribingJson object at 0x754d207f7f50>, <snowplow_tracker.self_describing_json.SelfDescribingJson object at 0x754d207f7800>]}
[0m12:57:46.826421 [debug] [MainThread]: Flushing usage events
